Knoxford,,bahnKNX,bahnWHO,1,bahn1north,bahn1Jnorth,,,
Knoxford,,bahnKNX,bahnZQL,1,bahn1south,bahn1Jsouth,,,
,,,,,,,,,
Schillerton,Cowling Street,bahnSHC,bahnWHQ,1,bahn1Inorth,,,,
Schillerton,Cowling Street,bahnSHC,bahnSVT,1,bahn1IXnorth,,,,
Schillerton,Cowling Street,bahnSHC,bahnSHD,1,bahn1Isouth,bahn1IXsouth,bahn1Jnorth,bahn1JXnorth,
Schillerton,Cowling Street,bahnSHC,bahnWHO,1,bahn1Jsouth,bahn1JXsouth,,,
,,,,,,,,,
Schillerton,Division Street Terminal,bahnSHD,bahnSHC,1,bahn1Inorth,bahn1IXnorth,bahn1Jsouth,bahn1JXsouth,
Schillerton,Division Street Terminal,bahnSHD,railSHM,100,walk,,,,
Schillerton,Division Street Terminal,bahnSHD,busSHD,100,walk,,,,
,,,,,,,,,
Venceslo,BearLodge Park,bahnVBP,bahnSVT,1,bahn1north,bahn1Inorth,,,
Venceslo,BearLodge Park,bahnVBP,bahnWHQ,1,bahn1south,bahn1Isouth,,,
,,,,,,,,,
Venceslo,Stadium-Village Terminal,bahnSVT,bahnVBP,1,bahn1south,bahn1Isouth,,,
Venceslo,Stadium-Village Terminal,bahnSVT,bahnWHO,1,bahn1Xsouth,,,,
Venceslo,Stadium-Village Terminal,bahnSVT,bahnSHC,1,bahn1IXsouth,,,,
Venceslo,Stadium-Village Terminal,bahnSVT,busSVT,100,walk,,,,
,,,,,,,,,
Whiteley,Olympia Boulevard,bahnWHO,bahnKNX,1,bahn1south,bahn1Jsouth,,,
Whiteley,Olympia Boulevard,bahnWHO,bahnSHC,1,bahn1Jnorth,bahn1JXnorth,,,
Whiteley,Olympia Boulevard,bahnWHO,bahnWHQ,1,bahn1north,,,,
Whiteley,Olympia Boulevard,bahnWHO,bahnSVT,1,bahn1Xnorth,,,,
Whiteley,Olympia Boulevard,bahnWHO,bahnZQL,1,bahn1Xsouth,bahn1JXsouth,,,
Whiteley,Olympia Boulevard,bahnWHO,railWHO,100,walk,,,,
Whiteley,Olympia Boulevard,bahnWHO,busWHO,100,walk,,,,
,,,,,,,,,
Whiteley,Quins Junction,bahnWHQ,bahnVBP,1,bahn1north,bahn1Inorth,,,
Whiteley,Quins Junction,bahnWHQ,bahnSHC,1,bahn1Isouth,,,,
Whiteley,Quins Junction,bahnWHQ,bahnWHO,1,bahn1south,,,,
,,,,,,,,,
Zaquar,Air & Sea Ports,bahnZQA,bahnZQL,1,bahn1north,bahn1Xnorth,bahn1Jnorth,bahn1JXnorth,bahnZQcw
Zaquar,Air & Sea Ports,bahnZQA,bahnZQT,1,bahnZQccw,,,,
Zaquar,Air & Sea Ports,bahnZQA,airZAQ,100,walk,,,,
Zaquar,Air & Sea Ports,bahnZQA,railZAQ,100,walk,,,,
Zaquar,Air & Sea Ports,bahnZQA,sailZQW,100,walk,,,,
Zaquar,Air & Sea Ports,bahnZQA,busZAQ,100,walk,,,,
,,,,,,,,,
Zaquar,Loreen Terminal,bahnZQL,bahnKNX,1,bahn1north,bahn1Jnorth,,,
Zaquar,Loreen Terminal,bahnZQL,bahnWHO,1,bahn1Xnorth,bahn1JXnorth,,,
Zaquar,Loreen Terminal,bahnZQL,bahnZQA,1,bahn1south,bahn1Xsouth,bahn1Jsouth,bahn1JXsouth,bahnZQccw
Zaquar,Loreen Terminal,bahnZQL,bahnZQT,1,bahnZQcw,,,,
,,,,,,,,,
Zaquar,Tanzanite Station,bahnZQT,bahnZQA,1,bahnZQcw,,,,
Zaquar,Tanzanite Station,bahnZQT,bahnZQL,1,bahnZQccw,,,,
Zaquar,Tanzanite Station,bahnZQT,railZQT,100,walk,,,,
Zaquar,Tanzanite Station,bahnZQT,busZQT,100,walk,,,,