Alexandriasburg,Airfield,busAXB,busAXP,1,bus323north,,
Alexandriasburg,Airfield,busAXB,airAXB,10,walk,,
,,,,,,,
Alexandriasburg,Island of Alexandria Port of Call,busAXP,busALX,1,bus323north,,
Alexandriasburg,Island of Alexandria Port of Call,busAXP,busAXB,1,bus323south,,
Alexandriasburg,Island of Alexandria Port of Call,busAXP,sailAXP,10,walk,,
,,,,,,,
Alexandriasburg,MCR Station,busALX,busAXP,1,bus323south,,
Alexandriasburg,MCR Station,busALX,railALX,10,walk,,
,,,,,,,
Amestris,Cummins Highway,busAMC,busAMW,1,bus304west,,
Amestris,Cummins Highway,busAMC,railAMC,10,walk,,
,,,,,,,
Amestris,Washington Street,busAMW,busAMC,1,bus304east,,
Amestris,Washington Street,busAMW,railAMW,10,walk,,
,,,,,,,
Antioch,Regional Airfield,busANA,busANT,1,bus369north,,
Antioch,Regional Airfield,busANA,airANA,10,walk,,
Antioch,Regional Airfield,busANA,railANA,10,walk,,
,,,,,,,
Antioch,Union Station,busANT,busSIA,1,bus4north,,
Antioch,Union Station,busANT,busNPA,1,bus4south,,
Antioch,Union Station,busANT,busANA,1,bus369south,,
Antioch,Union Station,busANT,railANT,10,walk,,
,,,,,,,
Aprix,Bayview Avenue,busAPB,busEGT,1,bus214west,,
Aprix,Bayview Avenue,busAPB,busMUS,1,bus214east,,
Aprix,Bayview Avenue,busAPB,busAPQ,1,bus377north,,
,,,,,,,
Aprix,IntraRail Station,busAPX,busAPQ,1,bus377south,,
Aprix,IntraRail Station,busAPX,railAPX,10,walk,,
,,,,,,,
Aprix,RaiLinQ Station,busAPQ,busAPX,1,bus377north,,
Aprix,RaiLinQ Station,busAPQ,busAPB,1,bus377south,,
,,,,,,,
Armada,,busAMD,busOAW,1,bus3west,,
Armada,,busAMD,busKNW,1,bus3east,,
Armada,,busAMD,railAMD,10,walk,,
,,,,,,,
Atami,Ferry Terminal,busATF,busSGL,1,bus105west,,
Atami,Ferry Terminal,busATF,busATH,1,bus359east,,
,,,,,,,
Atami,Harbourside Road,busATH,busATF,1,bus359west,,
Atami,Harbourside Road,busATH,busATO,1,bus359east,,
,,,,,,,
Atami,Itazuke Airport,busATM,busATO,1,bus359west,,
Atami,Itazuke Airport,busATM,busATB,1,bus360east,,
Atami,Itazuke Airport,busATM,airATM,10,walk,,
,,,,,,,
Atami,Ohtago Beach,busATO,busATH,1,bus359west,,
Atami,Ohtago Beach,busATO,busATM,1,bus359east,,
,,,,,,,
Atami,World Border,busATB,busATM,1,bus360west,,
,,,,,,,
Avondale,South Transit Hub,busAVN,busLKE,1,bus1west,,
Avondale,South Transit Hub,busAVN,busNTH,1,bus1east,,
,,,,,,,
Babatown,,busBAB,busHYH,1,bus215east,,
,,,,,,,
Bakersville,Bus Terminal / GCT,busGCT,busBSF,1,bus208north,,
Bakersville,Bus Terminal / GCT,busGCT,railGCT,10,walk,,
,,,,,,,
Bakersville,City Hall / Penn,busBCY,busCWB,1,bus208north,,
Bakersville,City Hall / Penn,busBCY,busBSF,1,bus208south,,
,,,,,,,
Bakersville,South Ferry Terminal,busBSF,busBCY,1,bus208north,,
Bakersville,South Ferry Terminal,busBSF,busGCT,1,bus208south,,
Bakersville,South Ferry Terminal,busBSF,sailBSF,10,walk,,
,,,,,,,
Bawktown,Brick Street,busBWK,busBKM,1,bus337north,,
Bawktown,Brick Street,busBWK,railBWK,10,walk,,
,,,,,,,
Bawktown,Main Street,busBKM,busBKN,1,bus337north,,
Bawktown,Main Street,busBKM,busBWK,1,bus337south,,
Bawktown,Main Street,busBKM,railBKS,10,walk,,
,,,,,,,
Bawktown,North,busBKN,busLUM,1,bus337north,,
Bawktown,North,busBKN,busBKM,1,bus337south,,
,,,,,,,
Bean City,,busBEA,busLAW,1,bus103west,,
Bean City,,busBEA,busBBC,1,bus103east,,
,,,,,,,
Berkeley,MacArthur & Cerrito,busBKL,busPKL,1,bus101west,,
Berkeley,MacArthur & Cerrito,busBKL,busYNW,1,bus101east,,
,,,,,,,
BirchView,Central,busBVC,busCWB,1,bus3west,,
BirchView,Central,busBVC,busHEN,1,bus3east,,
BirchView,Central,busBVC,busQUI,1,bus4north,bus210north,
BirchView,Central,busBVC,busMON,1,bus4south,,
BirchView,Central,busBVC,busBVL,1,bus336south,,
BirchView,Central,busBVC,railBVC,10,walk,,
,,,,,,,
BirchView,Leydon International Airport,busBVL,busBVC,1,bus336north,,
BirchView,Leydon International Airport,busBVL,airBVL,10,walk,,
,,,,,,,
Blackberry City,Intercity Bus Station,busBBB,busBBC,1,bus355east,,
,,,,,,,
Blackberry City,Main Street,busBBC,busBEA,1,bus103west,,
Blackberry City,Main Street,busBBC,busSVF,1,bus103east,,
Blackberry City,Main Street,busBBC,busBBB,1,bus355west,,
Blackberry City,Main Street,busBBC,busBLK,1,bus355east,,
,,,,,,,
Blackberry City,Regional Airport,busBLK,busBBC,1,bus355west,,
,,,,,,,
Blackfriars,Bus Terminal,busBLF,busJGW,1,bus106north,,
Blackfriars,Bus Terminal,busBLF,busBKF,1,bus106south,,
,,,,,,,
Blackfriars,Verrado Ferry Terminal,busBKF,busBLF,1,bus106north,,
Blackfriars,Verrado Ferry Terminal,busBKF,sailBKF,10,walk,,
,,,,,,,
Boston,Clapham Junction,busBCJ,busBSI,1,bus318north,,
Boston,Clapham Junction,busBCJ,railBCJ,10,walk,,
,,,,,,,
Boston,Harbor,busBSH,busBSI,1,bus318south,,
Boston,Harbor,busBSH,sailBSH,10,walk,,
,,,,,,,
Boston,Stratford International,busBSI,busBSH,1,bus318north,,
Boston,Stratford International,busBSI,busBCJ,1,bus318south,,
Boston,Stratford International,busBSI,railBSI,10,walk,,
,,,,,,,
Calistern,,busCST,busMCK,1,bus213west,,
,,,,,,,
Caravaca,Alcázar de Caravaca,busCRV,busPSM,1,bus101west,,
Caravaca,Alcázar de Caravaca,busCRV,busCAR,1,bus101east,,
,,,,,,,
Caravaca,Juan Carlos I Airport,busCAR,busCRV,1,bus101west,,
Caravaca,Juan Carlos I Airport,busCAR,busSEB,1,bus101east,,
,,,,,,,
Cardinal Bay,,busCRD,busOXE,1,bus213east,,
,,,,,,,
Central City,Beltway Terminal,busCBT,busRFV,1,bus1east,,
Central City,Beltway Terminal,busCBT,busXLN,1,bus2north,,
Central City,Beltway Terminal,busCBT,busMON,1,bus4north,,
Central City,Beltway Terminal,busCBT,busMBS,1,bus327east,,
Central City,Beltway Terminal,busCBT,busWBB,1,bus365south,,
Central City,Beltway Terminal,busCBT,busGAY,1,bus401north,,
Central City,Beltway Terminal,busCBT,railBTN,10,walk,,
,,,,,,,
Central City,MBS Park,busMBS,busCBT,1,bus327west,,
Central City,MBS Park,busMBS,busCCU,1,bus327east,,
,,,,,,,
Central City,United Cities Bus Terminal,busCCU,busMBS,1,bus327west,,
,,,,,,,
Chalxior,Femtoprism Airfield,busCFA,busOPA,1,bus4north,,
Chalxior,Femtoprism Airfield,busCFA,busPIL,1,bus4south,,
Chalxior,Femtoprism Airfield,busCFA,busCWD,1,bus370west,,
Chalxior,Femtoprism Airfield,busCFA,airCFA,10,walk,,
Chalxior,Femtoprism Airfield,busCFA,railCFA,10,walk,,
,,,,,,,
Chalxior,Western Docks,busCWD,busCFA,1,bus370east,,
Chalxior,Western Docks,busCWD,railCWD,10,walk,,
,,,,,,,
Chan Bay,Beach Boulevard,busCBB,busCBI,1,bus375north,,
Chan Bay,Beach Boulevard,busCBB,busCHN,1,bus375south,,
,,,,,,,
Chan Bay,International Airport,busCBI,busCBZ,1,bus374south,,
Chan Bay,International Airport,busCBI,busCBB,1,bus375south,,
Chan Bay,International Airport,busCBI,airCBI,10,walk,,
,,,,,,,
Chan Bay,Keppel Terminal,busCBK,busCBZ,1,bus374north,,
Chan Bay,Keppel Terminal,busCBK,busCHB,1,bus374south,,
Chan Bay,Keppel Terminal,busCBK,sailCBK,10,walk,,
,,,,,,,
Chan Bay,MCR Station,busCHN,busCHB,1,bus374north,,
Chan Bay,MCR Station,busCHN,busCBB,1,bus375north,,
Chan Bay,MCR Station,busCHN,railCHN,10,walk,,
,,,,,,,
Chan Bay,Municipal Airport,busCHB,busCBK,1,bus374north,,
Chan Bay,Municipal Airport,busCHB,busCHN,1,bus374south,,
Chan Bay,Municipal Airport,busCHB,airCHB,10,walk,,
,,,,,,,
Chan Bay,Zeta Airport,busCBZ,busCBI,1,bus374north,,
Chan Bay,Zeta Airport,busCBZ,busCBK,1,bus374south,,
Chan Bay,Zeta Airport,busCBZ,airCBZ,10,walk,,
,,,,,,,
Cornwall,Great Union Terminal,busCNW,busDWK,1,bus3west,,
Cornwall,Great Union Terminal,busCNW,railCNW,10,walk,,
,,,,,,,
Crossfern,,busCSF,busLRK,1,bus3west,,
Crossfern,,busCSF,busHLB,1,bus3east,,
,,,,,,,
Dabecco,IntraRail Station,busDAB,busDBC,1,bus308west,,
Dabecco,IntraRail Station,busDAB,railDAB,10,walk,,
,,,,,,,
Dabecco,Regional Airport,busDBC,busDAB,1,bus308east,,
Dabecco,Regional Airport,busDBC,airDBC,10,walk,,
,,,,,,,
Dand,Grand Central,busDND,busDSP,1,bus334south,,
Dand,Grand Central,busDND,railDND,10,walk,,
,,,,,,,
Dand,Seaport,busDSP,busDND,1,bus334north,,
Dand,Seaport,busDSP,airDSP,10,walk,,
Dand,Seaport,busDSP,sailDSP,10,walk,,
,,,,,,,
Deadbush,Blackwater / WMI,busWMI,busDBS,1,bus351north,,
Deadbush,Blackwater / WMI,busWMI,busGHW,1,bus351south,,
Deadbush,Blackwater / WMI,busWMI,airWMI,10,walk,,
Deadbush,Blackwater / WMI,busWMI,railWMI,10,walk,,
,,,,,,,
Deadbush,Centro,busGHW,busDBN,1,bus350north,,
Deadbush,Centro,busGHW,busWMI,1,bus351north,,
Deadbush,Centro,busGHW,busKRJ,1,bus404south,,
Deadbush,Centro,busGHW,railGHW,10,walk,,
,,,,,,,
Deadbush,Euphorial MCR Station,busDBE,busDJE,1,bus326south,,
Deadbush,Euphorial MCR Station,busDBE,railDBE,10,walk,,
,,,,,,,
Deadbush,Heampstead Kings Cross & Heliport,busHMK,busHMW,1,bus350north,bus403east,
Deadbush,Heampstead Kings Cross & Heliport,busHMK,busDBN,1,bus350south,,
Deadbush,Heampstead Kings Cross & Heliport,busHMK,busDBI,1,bus403west,,
Deadbush,Heampstead Kings Cross & Heliport,busHMK,airHMH,10,walk,,
Deadbush,Heampstead Kings Cross & Heliport,busHMK,railHMP,10,walk,,
,,,,,,,
Deadbush,Heampstead Waterport,busHMW,busHMK,1,bus350south,bus403west,
Deadbush,Heampstead Waterport,busHMW,sailHMP,10,walk,,
,,,,,,,
Deadbush,International Airport,busDBI,busHMK,1,bus403east,,
Deadbush,International Airport,busDBI,airDBI,10,walk,,
,,,,,,,
Deadbush,Johnston-Euphorial Airport,busDJE,busDBE,1,bus326north,,
Deadbush,Johnston-Euphorial Airport,busDJE,airDJE,10,walk,,
,,,,,,,
Deadbush,Karaj Transit Center,busKRJ,busGHW,1,bus404north,,
Deadbush,Karaj Transit Center,busKRJ,busVDA,1,bus404south,,
Deadbush,Karaj Transit Center,busKRJ,railKRJ,10,walk,,
,,,,,,,
Deadbush,Nord IntraRail Station,busDBN,busHMK,1,bus350north,,
Deadbush,Nord IntraRail Station,busDBN,busGHW,1,bus350south,,
Deadbush,Nord IntraRail Station,busDBN,railDBN,10,walk,,
,,,,,,,
Deadbush,Port of Deadbush,busDBS,busWMI,1,bus351south,,
Deadbush,Port of Deadbush,busDBS,sailDBS,10,walk,,
,,,,,,,
Deadbush,Valletta Desert Airport,busVDA,busKRJ,1,bus404north,,
Deadbush,Valletta Desert Airport,busVDA,airVDA,10,walk,,
,,,,,,,
Dekuville,Harbor Airfield,busDHA,busDEK,1,bus344south,,
Dekuville,Harbor Airfield,busDHA,airDHA,10,walk,,
,,,,,,,
Dekuville,IntraSail Dock,busDEK,busDHA,1,bus344north,,
Dekuville,IntraSail Dock,busDEK,sailDEK,10,walk,,
,,,,,,,
Dwarka,,busDWK,busMRT,1,bus3west,,
Dwarka,,busDWK,busCNW,1,bus3east,,
,,,,,,,
Eastbourne,,busEST,busCVE,1,bus1west,,
Eastbourne,,busEST,busFOS,1,bus1east,,
,,,,,,,
Elecna Bay,Enclave Avenue,busENC,busEBN,1,bus205north,,
Elecna Bay,Enclave Avenue,busENC,busEBI,1,bus205south,,
,,,,,,,
Elecna Bay,International Airport,busEBI,busENC,1,bus205north,,
Elecna Bay,International Airport,busEBI,busFYC,1,bus205south,,
Elecna Bay,International Airport,busEBI,airEBI,10,walk,,
,,,,,,,
Elecna Bay,North,busEBN,busENC,1,bus205south,,
Elecna Bay,North,busEBN,railEBN,10,walk,,
,,,,,,,
Ellerton Fosby,Central,busFOS,busEST,1,bus1west,,
Ellerton Fosby,Central,busFOS,busEFF,1,bus332west,,
,,,,,,,
Ellerton Fosby,Coral Airfield,busELF,busEFF,1,bus332east,,
Ellerton Fosby,Coral Airfield,busELF,airELF,10,walk,,
,,,,,,,
Ellerton Fosby,Ferry Port,busEFF,busELF,1,bus332west,,
Ellerton Fosby,Ferry Port,busEFF,busFOS,1,bus332east,,
Ellerton Fosby,Ferry Port,busEFF,sailEFF,10,walk,,
,,,,,,,
Espil,Cephyl District,busESC,busPXC,1,bus106north,,
Espil,Cephyl District,busESC,busEGT,1,bus106south,,
,,,,,,,
Espil,Ecilidae Airport,busEEA,busEGT,1,bus305north,,
Espil,Ecilidae Airport,busEEA,airEEA,10,walk,,
,,,,,,,
Espil,Eisli Central,busESE,busESN,1,bus305north,,
Espil,Eisli Central,busESE,busEGT,1,bus305south,,
,,,,,,,
Espil,Eisli Gateway Terminal,busEGT,busESC,1,bus106north,,
Espil,Eisli Gateway Terminal,busEGT,busWAV,1,bus106south,,
Espil,Eisli Gateway Terminal,busEGT,busERT,1,bus214west,,
Espil,Eisli Gateway Terminal,busEGT,busAPB,1,bus214east,,
Espil,Eisli Gateway Terminal,busEGT,busESE,1,bus305north,,
Espil,Eisli Gateway Terminal,busEGT,busEEA,1,bus305south,,
,,,,,,,
Espil,North,busESN,busESP,1,bus305north,,
Espil,North,busESN,busESE,1,bus305south,,
,,,,,,,
Espil,Ricola Terminal,busERT,busEGT,1,bus214east,,
,,,,,,,
Espil,Sanders Station,busESP,busESN,1,bus305south,,
Espil,Sanders Station,busESP,railESP,10,walk,,
,,,,,,,
Essex,Heliport,busESX,busOPA,1,bus212east,,
,,,,,,,
Felisburg,,busFEL,busYON,1,bus105west,,
Felisburg,,busFEL,busPON,1,bus105east,,
,,,,,,,
Filipowice,Fryderyk Chopin Regional Airport,busFCE,busFLP,1,bus376north,,
Filipowice,Fryderyk Chopin Regional Airport,busFCE,airFCE,10,walk,,
,,,,,,,
Filipowice,IntraRail & BluRail Station,busFLP,busFLB,1,bus376north,,
Filipowice,IntraRail & BluRail Station,busFLP,busFCE,1,bus376south,,
Filipowice,IntraRail & BluRail Station,busFLP,railFLP,10,walk,,
,,,,,,,
Filipowice,Main Bus Station,busFLB,busFLP,1,bus376south,,
,,,,,,,
Firewood City,Airport,busFWC,busFCD,1,bus358south,,
Firewood City,Airport,busFWC,airFWC,10,walk,,
,,,,,,,
Firewood City,Bus Terminal,busFCB,busSKO,1,bus2north,,
Firewood City,Bus Terminal,busFCB,busLRK,1,bus2south,,
Firewood City,Bus Terminal,busFCB,busFCD,1,bus104south,bus358north,
,,,,,,,
Firewood City,Downtown,busFCD,busFCB,1,bus104north,bus358south,
Firewood City,Downtown,busFCD,busLAN,1,bus104south,,
Firewood City,Downtown,busFCD,busFWC,1,bus358north,,
,,,,,,,
Fort Yaxier,Central,busFYC,busEBI,1,bus205north,,
Fort Yaxier,Central,busFYC,busFYO,1,bus205south,,
Fort Yaxier,Central,busFYC,railFYC,10,walk,,
,,,,,,,
Fort Yaxier,International Airport Terminal 1,busFYO,busFYC,1,bus205north,,
Fort Yaxier,International Airport Terminal 1,busFYO,busFYF,1,bus205south,,
Fort Yaxier,International Airport Terminal 1,busFYO,busFYH,1,bus362south,,
Fort Yaxier,International Airport Terminal 1,busFYO,airFYI1,10,walk,,
Fort Yaxier,International Airport Terminal 1,busFYO,sailFYS,10,walk,,
,,,,,,,
Fort Yaxier,International Airport Terminal 2,busFYT,busFYF,1,bus205north,,
Fort Yaxier,International Airport Terminal 2,busFYT,airFYI2,10,walk,,
,,,,,,,
Fort Yaxier,International Airport Terminal 3,busFYH,busFYO,1,bus362north,,
Fort Yaxier,International Airport Terminal 3,busFYH,airFYI3,10,walk,,
,,,,,,,
Fort Yaxier,International Airport Terminal 4,busFYF,busFYO,1,bus205north,,
Fort Yaxier,International Airport Terminal 4,busFYF,busFYT,1,bus205south,,
Fort Yaxier,International Airport Terminal 4,busFYF,airFYI4,10,walk,,
,,,,,,,
Gillmont,Heliport,busGLH,busGLM,1,bus345south,,
Gillmont,Heliport,busGLH,airGIL,10,walk,,
,,,,,,,
Gillmont,Marina,busGLM,busGLH,1,bus345north,,
Gillmont,Marina,busGLM,sailGIL,10,walk,,
,,,,,,,
Goodsprings,,busGSP,busRVC,1,bus217west,,
Goodsprings,,busGSP,busJIG,1,bus217east,,
,,,,,,,
Grisville,IntraRail Station,busGRS,busNTH,1,bus1west,,
Grisville,IntraRail Station,busGRS,busHAN,1,bus1east,,
Grisville,IntraRail Station,busGRS,railGRS,10,walk,,
,,,,,,,
Hallarbor,,busHLB,busCSF,1,bus3west,,
Hallarbor,,busHLB,busOAW,1,bus3east,,
,,,,,,,
Hannibal,,busHAN,busGRS,1,bus1west,,
Hannibal,,busHAN,busKTS,1,bus1east,,
Hannibal,,busHAN,busPKL,1,bus101east,,
,,,,,,,
Hendon,Harrow Road,busHEN,busBVC,1,bus3west,,
Hendon,Harrow Road,busHEN,busWNS,1,bus3east,,
Hendon,Harrow Road,busHEN,busHMB,1,bus353east,,
Hendon,Harrow Road,busHEN,railHEN,10,walk,,
,,,,,,,
Hendon,Mainline Bus Station,busHMB,busHEN,1,bus353west,,
,,,,,,,
Hythe,,busHYH,busBAB,1,bus215west,,
Hythe,,busHYH,busLRV,1,bus215east,,
,,,,,,,
Ilirea,Center & Stadium,busILC,busILP,1,bus372north,,
Ilirea,Center & Stadium,busILC,busILR,1,bus372south,,
,,,,,,,
Ilirea,Port of Ilirea,busILP,busWHW,1,bus106north,,
Ilirea,Port of Ilirea,busILP,busILR,1,bus106south,,
Ilirea,Port of Ilirea,busILP,busILC,1,bus372south,,
Ilirea,Port of Ilirea,busILP,sailILP,10,walk,,
,,,,,,,
Ilirea,Rainbow Road / Transit Center,busILR,busILP,1,bus106north,,
Ilirea,Rainbow Road / Transit Center,busILR,busXRQ,1,bus106south,,
Ilirea,Rainbow Road / Transit Center,busILR,busILC,1,bus372north,,
Ilirea,Rainbow Road / Transit Center,busILR,busVVS,1,bus372south,,
Ilirea,Rainbow Road / Transit Center,busILR,airITC,10,walk,,
Ilirea,Rainbow Road / Transit Center,busILR,railITC,10,walk,,
,,,,,,,
Itomori,Air and Space Port,busIAS,busITW,1,bus382south,,
Itomori,Air and Space Port,busIAS,airIAS,10,walk,,
,,,,,,,
Itomori,Pride Central,busITP,busITW,1,bus382north,,
,,,,,,,
Itomori,West IntraRail & BluRail Station,busITW,busIAS,1,bus382north,,
Itomori,West IntraRail & BluRail Station,busITW,busITP,1,bus382south,,
Itomori,West IntraRail & BluRail Station,busITW,railITW,10,walk,,
,,,,,,,
Janghwa City,North Union Station,busJGW,busKPT,1,bus106north,,
Janghwa City,North Union Station,busJGW,busBLF,1,bus106south,,
,,,,,,,
Jiggs,,busJIG,busGSP,1,bus217west,,
Jiggs,,busJIG,busNPB,1,bus217east,,
,,,,,,,
Kanto,International Airport Terminal 1,busKTO,busKTS,1,bus330north,,
Kanto,International Airport Terminal 1,busKTO,busKTT,1,bus330south,,
Kanto,International Airport Terminal 1,busKTO,airKTI1,10,walk,,
,,,,,,,
Kanto,International Airport Terminal 2,busKTT,busKTO,1,bus330north,,
Kanto,International Airport Terminal 2,busKTT,airKTI2,10,walk,,
,,,,,,,
Kanto,Station,busKTS,busHAN,1,bus1west,,
Kanto,Station,busKTS,busSUN,1,bus1east,,
Kanto,Station,busKTS,busKTO,1,bus330south,,
,,,,,,,
Kenthurst,Port,busKNP,busRSQ,1,bus207north,,
Kenthurst,Port,busKNP,busKNX,1,bus207south,,
Kenthurst,Port,busKNP,sailKNP,10,walk,,
,,,,,,,
Kenthurst,Xenonite,busKNX,busKNP,1,bus207north,,
Kenthurst,Xenonite,busKNX,railKNX,10,walk,,
,,,,,,,
Kolpino,City Airport,busKPC,busKLP,1,bus373west,,
Kolpino,City Airport,busKPC,airKPC,10,walk,,
Kolpino,City Airport,busKPC,railKPC,10,walk,,
,,,,,,,
Kolpino,Lubov Avenue,busKLP,busKLU,1,bus373west,,
Kolpino,Lubov Avenue,busKLP,busKPC,1,bus373east,,
Kolpino,Lubov Avenue,busKLP,railKLP,10,walk,,
,,,,,,,
Kolpino,Lubov Theater,busKLU,busKRC,1,bus373west,,
Kolpino,Lubov Theater,busKLU,busKLP,1,bus373east,,
,,,,,,,
Kolpino,Port Chelsea,busKPT,busWAV,1,bus106north,,
Kolpino,Port Chelsea,busKPT,busJGW,1,bus106south,,
Kolpino,Port Chelsea,busKPT,busKRC,1,bus373east,,
,,,,,,,
Kolpino,RegionalConnect Station,busKRC,busKPT,1,bus373west,,
Kolpino,RegionalConnect Station,busKRC,busKLU,1,bus373east,,
,,,,,,,
Konawa,Lamon Lane,busKNW,busAMD,1,bus3west,,
Konawa,Lamon Lane,busKNW,busLNK,1,bus3east,,
,,,,,,,
Konawa,Main Street,busKON,busHZN,1,bus303south,,
,,,,,,,
Kwai Tin,Airfield,busKWT,busKWI,1,bus206east,,
Kwai Tin,Airfield,busKWT,airKWT,10,walk,,
,,,,,,,
Kwai Tin,Bus Station,busKWA,busKWI,1,bus206west,,
Kwai Tin,Bus Station,busKWA,busTLA,1,bus206east,,
,,,,,,,
Kwai Tin,IntraRail & BluRail Station,busKWI,busKWT,1,bus206west,,
Kwai Tin,IntraRail & BluRail Station,busKWI,busKWA,1,bus206east,,
Kwai Tin,IntraRail & BluRail Station,busKWI,railKWI,10,walk,,
,,,,,,,
Laclede,Central,busLAC,busHZN,1,bus102north,,
Laclede,Central,busLAC,busWHW,1,bus102south,,
Laclede,Central,busLAC,railLAC,10,walk,,
,,,,,,,
Lakeview,University Transit Centre,busLKE,busSXY,1,bus1west,,
Lakeview,University Transit Centre,busLKE,busAVN,1,bus1east,,
Lakeview,University Transit Centre,busLKE,busMRB,1,bus203north,,
Lakeview,University Transit Centre,busLKE,busMLH,1,bus203south,,
Lakeview,University Transit Centre,busLKE,railLKE,15,walk,,
,,,,,,,
Lanark,Boulevard,busLNK,busKNW,1,bus3west,,
Lanark,Boulevard,busLNK,busCWB,1,bus3east,,
Lanark,Boulevard,busLNK,busSPH,1,bus102north,,
Lanark,Boulevard,busLNK,busHZN,1,bus102south,,
Lanark,Boulevard,busLNK,airLIH,10,walk,,
Lanark,Boulevard,busLNK,airLNK,10,walk,,
Lanark,Boulevard,busLNK,railLAN,10,walk,,
,,,,,,,
Lanark-Konawa,Horizon National Airport,busHZN,busLNK,1,bus102north,,
Lanark-Konawa,Horizon National Airport,busHZN,busLAC,1,bus102south,,
Lanark-Konawa,Horizon National Airport,busHZN,busKON,1,bus303north,,
Lanark-Konawa,Horizon National Airport,busHZN,airHZN,10,walk,,
Lanark-Konawa,Horizon National Airport,busHZN,railHZN,10,walk,,
,,,,,,,
Lanatam,Bus Terminal,busLAN,busFCD,1,bus104north,,
Lanatam,Bus Terminal,busLAN,busNYC,1,bus104south,,
Lanatam,Bus Terminal,busLAN,busLSY,1,bus215west,,
Lanatam,Bus Terminal,busLAN,busLNT,1,bus215east,,
,,,,,,,
Lanatam,International Airport,busLNT,busLAN,1,bus215west,,
Lanatam,International Airport,busLNT,airLNT,10,walk,,
,,,,,,,
Lanatam,River Park,busLRV,busHYH,,bus215west,,
Lanatam,River Park,busLRV,busLSY,1,bus215east,,
,,,,,,,
Lanatam,Sylla Street,busLSY,busLRV,1,bus215west,,
Lanatam,Sylla Street,busLSY,busLAN,1,bus215east,,
,,,,,,,
Larkspur,Beckham Cross Terminal,busLRK,busFCB,1,bus2north,,
Larkspur,Beckham Cross Terminal,busLRK,busLAR,1,bus2south,,
Larkspur,Beckham Cross Terminal,busLRK,busCSF,1,bus3east,,
Larkspur,Beckham Cross Terminal,busLRK,railLRK,10,walk,,
,,,,,,,
Larkspur,Lilyflower International Airport,busLAR,busLRK,1,bus2north,,
Larkspur,Lilyflower International Airport,busLAR,busSVG,1,bus2south,,
Larkspur,Lilyflower International Airport,busLAR,airLAR,10,walk,,
Larkspur,Lilyflower International Airport,busLAR,railLAR,10,walk,,
,,,,,,,
Lawrenceville,,busLAW,busMJT,1,bus103west,,
Lawrenceville,,busLAW,busBEA,1,bus103east,,
,,,,,,,
Liten,RaiLinQ Station,busLIT,busNIL,1,bus310north,,
,,,,,,,
Los Angeles-Farwater,Union Station,busLAF,busLOS,1,bus321south,,
Los Angeles-Farwater,Union Station,busLAF,airFLC,10,walk,,
Los Angeles-Farwater,Union Station,busLAF,railLAF,10,walk,,
,,,,,,,
Los Angeles,Venice Avenue,busLOS,busLAF,1,bus321north,,
,,,,,,,
Lumia,National Park,busLUM,busBKN,1,bus337south,,
Lumia,National Park,busLUM,railLUM,10,walk,,
,,,,,,,
Marblegate,Centraal,busMRB,busLKE,1,bus203south,,
Marblegate,Centraal,busMRB,railMRB,10,walk,,
,,,,,,,
Marblegate-Lakeview,Heathrow Airport,busMLH,busLKE,1,bus203north,,
Marblegate-Lakeview,Heathrow Airport,busMLH,airMLH,10,walk,,
Marblegate-Lakeview,Heathrow Airport,busMLH,railMLH,10,walk,,
,,,,,,,
Mediville,,busMED,busPSM,1,bus105west,,
Mediville,,busMED,busYON,1,bus105east,,
,,,,,,,
Merritt Lakes,,busMRT,busREN,1,bus3west,,
Merritt Lakes,,busMRT,busDWK,1,bus3east,,
Merritt Lakes,,busMRT,railMRT,10,walk,,
,,,,,,,
Miu Wan,Expo,busMWX,busTLA,1,bus335south,,
,,,,,,,
Miu Wan,Ferry Terminal,busMWF,busMWG,1,bus335north,,
Miu Wan,Ferry Terminal,busMWF,busMWS,1,bus335south,,
,,,,,,,
Miu Wan,Kau Heung Airport,busMWK,busTLB,1,bus102north,,
Miu Wan,Kau Heung Airport,busMWK,busSPH,1,bus102south,,
Miu Wan,Kau Heung Airport,busMWK,busMWP,1,bus335north,,
Miu Wan,Kau Heung Airport,busMWK,busMWL,1,bus335south,,
Miu Wan,Kau Heung Airport,busMWK,railMWK,10,walk,,
,,,,,,,
Miu Wan,Lo Sha Airport,busMWL,busMWK,1,bus335north,,
Miu Wan,Lo Sha Airport,busMWL,airMWL,10,walk,,
,,,,,,,
Miu Wan,Po Hang Stadium,busMWP,busMWS,1,bus335north,,
Miu Wan,Po Hang Stadium,busMWP,busMWK,1,bus335south,,
,,,,,,,
Miu Wan,Starling Bay,busMWS,busMWF,1,bus335north,,
Miu Wan,Starling Bay,busMWS,busMWP,1,bus335south,,
,,,,,,,
Miu Wan,Tseng Tsz Leng International Airport Terminal 1,busTLA,busTLB,1,bus102south,bus206east,
Miu Wan,Tseng Tsz Leng International Airport Terminal 1,busTLA,busKWA,1,bus206west,,
Miu Wan,Tseng Tsz Leng International Airport Terminal 1,busTLA,busMWX,1,bus335north,,
Miu Wan,Tseng Tsz Leng International Airport Terminal 1,busTLA,busMWG,1,bus335south,,
Miu Wan,Tseng Tsz Leng International Airport Terminal 1,busTLA,airMWT1,10,walk,,
Miu Wan,Tseng Tsz Leng International Airport Terminal 1,busTLA,railTLA,10,walk,,
,,,,,,,
Miu Wan,Tseng Tsz Leng International Airport Terminal 2,busTLB,busTLA,1,bus102north,bus206west,
Miu Wan,Tseng Tsz Leng International Airport Terminal 2,busTLB,busMWK,1,bus102south,,
Miu Wan,Tseng Tsz Leng International Airport Terminal 2,busTLB,airMWT2,10,walk,,
Miu Wan,Tseng Tsz Leng International Airport Terminal 2,busTLB,railTLB,10,walk,,
,,,,,,,
Miu Wan,Winter Games Park,busMWG,busTLA,1,bus335north,,
Miu Wan,Winter Games Park,busMWG,busMWF,1,bus335south,,
,,,,,,,
Mojangsburg,IntraSail Dock,busMJB,busMSA,1,bus331south,,
Mojangsburg,IntraSail Dock,busMJB,sailMJB,10,walk,,
,,,,,,,
Mojangsburg,Suidplein Airfield,busMSA,busMJB,1,bus331north,,
Mojangsburg,Suidplein Airfield,busMSA,busMPI,1,bus331south,,
Mojangsburg,Suidplein Airfield,busMSA,airMSA,10,walk,,
,,,,,,,
Mojangsburg-Pretoria,Capital Airport,busMPI,busSUN,1,bus1west,,
Mojangsburg-Pretoria,Capital Airport,busMPI,busCVE,1,bus1east,,
Mojangsburg-Pretoria,Capital Airport,busMPI,busMSA,1,bus331north,,
Mojangsburg-Pretoria,Capital Airport,busMPI,busPRE,1,bus331south,,
Mojangsburg-Pretoria,Capital Airport,busMPI,airMPI,10,walk,,
,,,,,,,
Mojang Town,Transit Hub,busMJT,busWHV,1,bus103west,bus104south,
Mojang Town,Transit Hub,busMJT,busLAW,1,bus103east,,
Mojang Town,Transit Hub,busMJT,busNYC,1,bus104north,,
Mojang Town,Transit Hub,busMJT,airMTA,10,walk,,
,,,,,,,
Mons Pratus,Transportation Hub,busMON,busBVC,1,bus4north,,
Mons Pratus,Transportation Hub,busMON,busCBT,1,bus4south,,
Mons Pratus,Transportation Hub,busMON,railMON,30,walk,,
,,,,,,,
Monterey,Bus Hub,busMRY,busVEX,1,bus211north,,
,,,,,,,
MRT Marina,Cruise Terminal,busMNC,busMNS,1,bus339east,,
MRT Marina,Cruise Terminal,busMNC,busMNM,1,bus339west,,
,,,,,,,
MRT Marina,Dry Docks,busMND,busMNL,1,bus340west,,
,,,,,,,
MRT Marina,Ferry Docks,busMNF,busMNR,1,bus339east,bus340east,
MRT Marina,Ferry Docks,busMNF,sailMMN,10,marinaShuttleNorth,,
,,,,,,,
MRT Marina,Large Ferries Dock,busMNL,busMND,1,bus340east,,
MRT Marina,Large Ferries Dock,busMNL,busMNQ,1,bus340west,,
,,,,,,,
MRT Marina,Military Port,busMNM,busMNC,1,bus339east,,
MRT Marina,Military Port,busMNM,busMNQ,1,bus339west,,
,,,,,,,
MRT Marina,MRT & IntraRail Stations,busMNR,busMNQ,1,bus339east,bus340east,
MRT Marina,MRT & IntraRail Stations,busMNR,busMNF,1,bus339west,bus340west,
MRT Marina,MRT & IntraRail Stations,busMNR,railMMN,10,walk,,
,,,,,,,
MRT Marina,RaiLinQ Station,busMNQ,busMNM,1,bus339east,,
MRT Marina,RaiLinQ Station,busMNQ,busMNR,1,bus339west,bus340west,
MRT Marina,RaiLinQ Station,busMNQ,busMNL,1,bus340east,,
,,,,,,,
MRT Marina,Seaplane Base,busMNS,busMNC,1,bus339west,,
MRT Marina,Seaplane Base,busMNS,airMMN,10,walk,,
,,,,,,,
Murrville,Central,busMUR,busMRW,1,bus338west,,
Murrville,Central,busMUR,busMAX,1,bus338east,,
Murrville,Central,busMUR,railMUR,10,walk,,
,,,,,,,
Murrville,Waterport,busMRW,busMUR,1,bus338east,,
Murrville,Waterport,busMRW,sailMRW,10,walk,,
,,,,,,,
Murrville-Arcadia,International Airport,busMAX,busMUR,1,bus338west,,
Murrville-Arcadia,International Airport,busMAX,airMAX,10,walk,,
Murrville-Arcadia,International Airport,busMAX,railMAX,10,walk,,
,,,,,,,
Musique,Bayview Avenue,busMUS,busAPB,1,bus214west,,
Musique,Bayview Avenue,busMUS,busMUU,1,bus214east,,
Musique,Bayview Avenue,busMUS,railMUS,10,walk,,
,,,,,,,
Musique,Union Station,busMUU,busMUS,1,bus214west,,
,,,,,,,
New Acreadium,Schiphol Airport,busSIA,busPIL,1,bus4north,,
New Acreadium,Schiphol Airport,busSIA,busANT,1,bus4south,,
New Acreadium,Schiphol Airport,busSIA,airSIA,10,walk,,
New Acreadium,Schiphol Airport,busSIA,railSIA,10,walk,,
,,,,,,,
New Beginnings,Bus Terminal,busNBU,busNBN,1,bus366north,,
New Beginnings,Bus Terminal,busNBU,railNBU,10,walk,,
,,,,,,,
New Beginnings,North MCR Station,busNBN,busSLZ,1,bus1west,,
New Beginnings,North MCR Station,busNBN,busNKT,1,bus1east,,
New Beginnings,North MCR Station,busNBN,busNBU,1,bus366south,,
New Beginnings,North MCR Station,busNBN,railNBN,10,walk,,
,,,,,,,
Newbourne,Flinders Street nFLR Station,busNFS,busNWB,1,bus319east,,
,,,,,,,
Newbourne,IntraSail Docks,busNWB,busNFS,1,bus319west,,
Newbourne,IntraSail Docks,busNWB,sailNWB,10,walk,,
,,,,,,,
Newington,Bus Station,busNEW,busWCF,1,bus202east,,
,,,,,,,
New Mackinaw,,busMCK,busOPA,1,bus213west,,
New Mackinaw,,busMCK,busCST,1,bus213east,,
,,,,,,,
New Prubourne,Halson Terminal,busNPB,busJIG,1,bus217west,,
New Prubourne,Halson Terminal,busNPB,busBED,1,bus381north,,
,,,,,,,
New Prubourne,International Airport,busBED,busNPB,1,bus381south,,
,,,,,,,
New York,,busNYC,busLAN,1,bus104north,,
New York,,busNYC,busMJT,1,bus104south,,
,,,,,,,
Nippia,Airside Boulevard,busNPA,busANT,1,bus4north,,
Nippia,Airside Boulevard,busNPA,busQUI,1,bus4south,,
Nippia,Airside Boulevard,busNPA,busGAY,1,bus310south,bus311south,
,,,,,,,
Nippia,IntraRail Station,busNIP,busNIL,1,bus309east,,
Nippia,IntraRail Station,busNIP,busGAY,1,bus311north,,
Nippia,IntraRail Station,busNIP,railNIP,10,walk,,
,,,,,,,
Nippia,Pride Wall,busGAY,busNPA,1,bus310north,bus311north,
Nippia,Pride Wall,busGAY,busNIL,1,bus310south,,
Nippia,Pride Wall,busGAY,busNIP,1,bus311south,,
Nippia,Pride Wall,busGAY,busCBT,1,bus401south,,
,,,,,,,
Nippia-Liten,Metropolitan Airport,busNIL,busNIP,1,bus309west,,
Nippia-Liten,Metropolitan Airport,busNIL,busGAY,1,bus310north,,
Nippia-Liten,Metropolitan Airport,busNIL,busLIT,1,bus310south,,
Nippia-Liten,Metropolitan Airport,busNIL,airNIL,10,walk,,
,,,,,,,
Northgate,Bus Terminal,busNTH,busAVN,1,bus1west,,
Northgate,Bus Terminal,busNTH,busGRS,1,bus1east,,
Northgate,Bus Terminal,busNTH,busRCV,1,bus204south,,
,,,,,,,
Nuuk,Seaport,busNUK,busNUU,1,bus378north,,
Nuuk,Seaport,busNUK,airNUK,10,walk,,
,,,,,,,
Nuuk,Town Hall,busNUU,busYNW,1,bus101west,,
Nuuk,Town Hall,busNUU,busPSM,1,bus101east,,
Nuuk,Town Hall,busNUU,busNUK,1,bus378south,,
,,,,,,,
Nuuk-Berkeley,Regional Airport,busYNW,busBKL,1,bus101west,,
Nuuk-Berkeley,Regional Airport,busYNW,busNUU,1,bus101east,,
,,,,,,,
Nymphalia,Stellia Station,busNYM,busREN,1,bus209south,,
Nymphalia,Stellia Station,busNYM,railNYM,10,walk,,
,,,,,,,
Oparia,Downtown,busOPD,busOPA,1,bus212west,,
Oparia,Downtown,busOPD,railOPD,10,walk,,
,,,,,,,
Oparia,LeTourneau International Airport,busOPA,busOPS,1,bus4north,,
Oparia,LeTourneau International Airport,busOPA,busCFA,1,bus4south,,
Oparia,LeTourneau International Airport,busOPA,busESX,1,bus212west,,
Oparia,LeTourneau International Airport,busOPA,busOPD,1,bus212east,,
Oparia,LeTourneau International Airport,busOPA,busOXE,1,bus213west,,
Oparia,LeTourneau International Airport,busOPA,busMCK,1,bus213east,,
Oparia,LeTourneau International Airport,busOPA,airOPA,10,walk,,
Oparia,LeTourneau International Airport,busOPA,railOPA,30,walk,,
,,,,,,,
Oparia,Seaport,busOPS,busOPA,1,bus4south,,
,,,,,,,
Orange City,Ferry Terminal,busOGF,busORG,1,bus371north,,
Orange City,Ferry Terminal,busOGF,sailOGF,10,walk,,
,,,,,,,
Orange City,Market Street,busORG,busOGF,1,bus371south,,
Orange City,Market Street,busORG,railORG,10,walk,,
,,,,,,,
Oxeyeburg,,busOXE,busCRD,1,bus213west,,
Oxeyeburg,,busOXE,busOPA,1,bus213east,,
,,,,,,,
Palestropol,Bus Station,busPLB,busPLN,1,bus201north,,
Palestropol,Bus Station,busPLB,busPIA,1,bus201south,,
,,,,,,,
Palestropol,North MCR Station,busPLN,busRYA,1,bus201north,,
Palestropol,North MCR Station,busPLN,busPLB,1,bus201south,,
Palestropol,North MCR Station,busPLN,railPAL,10,walk,,
,,,,,,,
Palestropol-Southport-sur-mer,Polytan International Airport,busPIA,busPLB,1,bus201north,,
Palestropol-Southport-sur-mer,Polytan International Airport,busPIA,busSSM,1,bus201south,,
Palestropol-Southport-sur-mer,Polytan International Airport,busPIA,airPIA,10,walk,,
,,,,,,,
Parkland,Union Station,busPKL,busHAN,1,bus101west,,
Parkland,Union Station,busPKL,busBKL,1,bus101east,,
,,,,,,,
Pilmont,Elizabeth Interchange,busPIL,busCFA,1,bus4north,,
Pilmont,Elizabeth Interchange,busPIL,busSIA,1,bus4south,,
Pilmont,Elizabeth Interchange,busPIL,railPIL,10,walk,,
,,,,,,,
Pixl,Bay Terminal,busPIX,busPXL,1,bus324east,,
Pixl,Bay Terminal,busPIX,sailPIX,10,walk,,
,,,,,,,
Pixl,Clios West Bus Terminal,busPXC,busXRQ,1,bus106north,,
Pixl,Clios West Bus Terminal,busPXC,busESC,1,bus106south,,
Pixl,Clios West Bus Terminal,busPXC,busPXL,1,bus324west,,
Pixl,Clios West Bus Terminal,busPXC,busPXA,1,bus324east,,
,,,,,,,
Pixl,Island International Airport,busPXA,busPXC,1,bus324west,,
Pixl,Island International Airport,busPXA,busXVT,1,bus325north,,
Pixl,Island International Airport,busPXA,airPXA,10,walk,,
,,,,,,,
Pixl,Vinakaya City Airfield,busPXL,busPIX,1,bus324west,,
Pixl,Vinakaya City Airfield,busPXL,busPXC,1,bus324east,,
Pixl,Vinakaya City Airfield,busPXL,airPXL,10,walk,,
,,,,,,,
Ponton Pier,,busPON,busFEL,1,bus105west,,
Ponton Pier,,busPON,busSGL,1,bus105east,,
,,,,,,,
Port Diamondback,Port,busPDB,busRAT,1,bus217east,,
Port Diamondback,Port,busPDB,sailPDB,10,walk,,
,,,,,,,
Pretoria,National Palace,busPRE,busMPI,1,bus331north,,
,,,,,,,
Prismarine,Bus Terminal,busPSM,busNUU,1,bus101west,,
Prismarine,Bus Terminal,busPSM,busCRV,1,bus101east,,
Prismarine,Bus Terminal,busPSM,busMED,1,bus105east,,
Prismarine,Bus Terminal,busPSM,busWDG,1,bus216west,,
Prismarine,Bus Terminal,busPSM,busPWP,1,bus352east,,
,,,,,,,
Prismarine,Central,busPSC,busPWP,1,bus352west,,
Prismarine,Central,busPSC,busPCA,1,bus352east,,
,,,,,,,
Prismarine,City Airfield,busPCA,busPSC,1,bus352west,,
Prismarine,City Airfield,busPCA,airPCA,10,walk,,
,,,,,,,
Prismarine,West Portal,busPWP,busPSM,1,bus352west,,
Prismarine,West Portal,busPWP,busPSC,1,bus352east,,
,,,,,,,
Quiris,IntraRail Station,busQUI,busNPA,1,bus4north,,
Quiris,IntraRail Station,busQUI,busBVC,1,bus4south,bus210south,
Quiris,IntraRail Station,busQUI,busVEX,1,bus210north,,
Quiris,IntraRail Station,busQUI,busQRU,1,bus368west,,
Quiris,IntraRail Station,busQUI,busQLL,1,bus368east,,
Quiris,IntraRail Station,busQUI,railQUI,10,walk,,
,,,,,,,
Quiris,Latent Lancet,busQLL,busQUI,1,bus368west,,
Quiris,Latent Lancet,busQLL,busQMK,1,bus368east,,
,,,,,,,
Quiris,Markovi Theatre,busQMK,busQLL,1,bus368west,,
,,,,,,,
Quiris,Ripine University,busQRU,busQUI,1,bus368east,,
,,,,,,,
Radiance Square,International Airport,busRSQ,busRAD,1,bus207north,,
Radiance Square,International Airport,busRSQ,busKNP,1,bus207south,,
Radiance Square,International Airport,busRSQ,airRSQ,10,walk,,
,,,,,,,
Radiance Square,MetroCenter,busRAD,busWHW,1,bus2north,,
Radiance Square,MetroCenter,busRAD,busSER,1,bus2south,,
Radiance Square,MetroCenter,busRAD,busWHT,1,bus207north,,
Radiance Square,MetroCenter,busRAD,busRSQ,1,bus207south,,
,,,,,,,
Rainer Bay,Central,busRBC,busRBD,1,bus379west,,
Rainer Bay,Central,busRBC,busRBR,1,bus379east,,
,,,,,,,
Rainer Bay,Delta Terminal,busRBD,busRBC,1,bus379east,,
,,,,,,,
Rainer Bay,Regional Airfield,busRBR,busRBC,1,bus379west,,
Rainer Bay,Regional Airfield,busRBR,airRBR,10,walk,,
,,,,,,,
Rattlerville,Central Airfield,busRVC,busRAT,1,bus217west,,
Rattlerville,Central Airfield,busRVC,busGSP,1,bus217east,,
,,,,,,,
Rattlerville,Kyle Poole Bus Station,busRAT,busPDB,1,bus217west,,
Rattlerville,Kyle Poole Bus Station,busRAT,busRVC,1,bus217east,,
,,,,,,,
Ravenna,Mountainside International Airport,busRAV,busRSP,1,bus317south,,
Ravenna,Mountainside International Airport,busRAV,airRAV,10,walk,,
Ravenna,Mountainside International Airport,busRAV,railRAV,10,walk,,
,,,,,,,
Ravenna,Sports Park,busRSP,busRAV,1,bus317north,,
Ravenna,Sports Park,busRSP,busRVU,1,bus317south,,
,,,,,,,
Ravenna,Union Station,busRVU,busANH,1,bus3west,,
Ravenna,Union Station,busRVU,busREN,1,bus3east,,
Ravenna,Union Station,busRVU,busRSP,1,bus317north,,
Ravenna,Union Station,busRVU,railRVU,10,walk,,
,,,,,,,
Redwood,Executive Airport,busRED,busRRW,1,bus333south,,
Redwood,Executive Airport,busRED,airRED,10,walk,,
,,,,,,,
Redwood,IntraRail Station,busRDW,busRRW,1,bus333north,,
Redwood,IntraRail Station,busRDW,railRDW,10,walk,,
,,,,,,,
Redwood,Rosewood Avenue,busRRW,busRED,1,bus333north,,
Redwood,Rosewood Avenue,busRRW,busRDW,1,bus333south,,
,,,,,,,
Renaissance,Transfer Station,busREN,busRVU,1,bus3west,,
Renaissance,Transfer Station,busREN,busMRT,1,bus3east,,
Renaissance,Transfer Station,busREN,busNYM,1,bus209north,,
,,,,,,,
Richville,Downtown Bus Terminal,busRCV,busNTH,1,bus204north,,
Richville,Downtown Bus Terminal,busRCV,busRVA,1,bus204south,bus329south,
Richville,Downtown Bus Terminal,busRCV,busTPA,1,bus329north,,
Richville,Downtown Bus Terminal,busRCV,busRVL,1,bus361west,,
,,,,,,,
Richville,International Airport,busRVA,busRCV,1,bus204north,bus329north,
Richville,International Airport,busRVA,airRVA,10,walk,,
,,,,,,,
Richville,Lakeside Boulevard,busRVL,busRCV,1,bus361east,,
Richville,Lakeside Boulevard,busRVL,sailRVL,10,walk,,
,,,,,,,
Richville,Tom Paris-Richville City Airfield,busTPA,busRCV,1,bus329south,,
Richville,Tom Paris-Richville City Airfield,busTPA,airTPA,10,walk,,
,,,,,,,
Rizalburg,Strand Airfield,busRSA,busRZW,1,bus320west,,
Rizalburg,Strand Airfield,busRSA,airRSA,10,walk,,
,,,,,,,
Rizalburg,Water Port,busRZW,busRSA,1,bus320east,,
Rizalburg,Water Port,busRZW,sailRZW,10,walk,,
,,,,,,,
Rosetown,,busRST,busSEB,1,bus101west,,
,,,,,,,
Royal Ferry,Victoria,busRFV,busCBT,1,bus1west,,
Royal Ferry,Victoria,busRFV,busSLZ,1,bus1east,,
Royal Ferry,Victoria,busRFV,railRFD,10,walk,,
,,,,,,,
Royalston,Alberta Street,busRYA,busRYM,1,bus201north,,
Royalston,Alberta Street,busRYA,busPLN,1,bus201south,,
,,,,,,,
Royalston,MCR Station,busRYM,busSLZ,1,bus201north,,
Royalston,MCR Station,busRYM,busRYA,1,bus201south,,
Royalston,MCR Station,busRYM,railRYL,10,walk,,
,,,,,,,
Saint Anna,IntraRail Station,busANR,busANH,1,bus367south,,
Saint Anna,IntraRail Station,busANR,railANR,10,walk,,
,,,,,,,
Saint Anna,Mercy General Hospital,busANH,busWNS,1,bus3west,,
Saint Anna,Mercy General Hospital,busANH,busRVU,1,bus3east,,
Saint Anna,Mercy General Hospital,busANH,busANR,1,bus367north,,
,,,,,,,
Saint Roux,Charles de Gaulle International Airport,busSRX,busSXG,1,bus328south,,
Saint Roux,Charles de Gaulle International Airport,busSRX,airSRX,10,walk,,
,,,,,,,
Saint Roux,Gare Orly,busSXY,busNKT,1,bus1west,,
Saint Roux,Gare Orly,busSXY,busLKE,1,bus1east,,
Saint Roux,Gare Orly,busSXY,busSXG,1,bus328north,,
,,,,,,,
Saint Roux,Gare Orsay,busSXG,busSRX,1,bus328north,,
Saint Roux,Gare Orsay,busSXG,busSXY,1,bus328south,,
Saint Roux,Gare Orsay,busSXG,railSXG,30,walk,,
,,,,,,,
San Esteban,,busSEB,busCAR,1,bus101west,,
San Esteban,,busSEB,busRST,1,bus101east,,
,,,,,,,
Santa Gloria,,busSGL,busPON,1,bus105west,,
Santa Gloria,,busSGL,busATF,1,bus105east,,
,,,,,,,
San Vantino,IntraRail Station,busSVT,busVTM,1,bus322east,,
San Vantino,IntraRail Station,busSVT,railSVT,10,walk,,
,,,,,,,
San Vantino,Marina,busVTM,busSVT,1,bus322west,,
San Vantino,Marina,busVTM,sailVTM,10,walk,,
,,,,,,,
Savage City,,busSVG,busLAR,1,bus2north,,
Savage City,,busSVG,busVGJ,1,bus2south,,
Savage City,,busSVG,railSVG,10,walk,,
,,,,,,,
Scarborough,Bus Terminal,busSBT,busNKT,1,bus313,,
Scarborough,Bus Terminal,busSBT,railMCR,10,walk,,
,,,,,,,
Scarborough,MRT Plaza,busSCR,busSVC,1,bus313,,
Scarborough,MRT Plaza,busSCR,railSCR,10,walk,,
,,,,,,,
Scarborough,New Kent Terminal,busNKT,busNBN,1,bus1west,,
Scarborough,New Kent Terminal,busNKT,busSXY,1,bus1east,,
Scarborough,New Kent Terminal,busNKT,busSCR,1,bus313,,
Scarborough,New Kent Terminal,busNKT,railNKT,10,walk,,
,,,,,,,
Scarborough,ValleyConnect Station,busSVC,busSBT,1,bus313,,
,,,,,,,
Schillerton,Division & Maple Streets,busSHD,busSSH,1,bus380west,,
Schillerton,Division & Maple Streets,busSHD,railSHM,10,walk,,
Schillerton,Division & Maple Streets,busSHD,bahnSHD,1000,walk,,
,,,,,,,
Schillerton,Sayles Hill Airfield,busSSH,busSHD,1,bus380east,,
Schillerton,Sayles Hill Airfield,busSSH,airSSH,10,walk,,
,,,,,,,
Segville,Grand Central,busSGC,busSHP,1,bus342north,,
Segville,Grand Central,busSGC,railSGC,10,walk,,
,,,,,,,
Segville,Heliport,busSHP,busSGC,1,bus342south,,
Segville,Heliport,busSHP,airSHP,10,walk,,
,,,,,,,
Seoland,Angel Island,busSAG,busSFD,1,bus211north,,
Seoland,Angel Island,busSAG,busSEO,1,bus211south,,
,,,,,,,
Seoland,Ferry Docks,busSFD,busSTS,1,bus211north,,
Seoland,Ferry Docks,busSFD,busSAG,1,bus211south,,
,,,,,,,
Seoland,Transit Centre,busSEO,busSTS,1,bus210north,,
Seoland,Transit Centre,busSEO,busVRD,1,bus210south,bus211south,
Seoland,Transit Centre,busSEO,busSAG,1,bus211north,,
,,,,,,,
Seoland,Trimunicipalities Airport,busSTS,busSEO,1,bus210south,,
Seoland,Trimunicipalities Airport,busSTS,busSFD,1,bus211south,,
Seoland,Trimunicipalities Airport,busSTS,airSTS,10,walk,,
,,,,,,,
Serena,,busSER,busRAD,1,bus2north,,
Serena,,busSER,busXLN,1,bus2south,,
,,,,,,,
Siletz,Bus Terminal,busSLB,busSLZ,1,bus341north,,
,,,,,,,
Siletz,Salvador Station,busSLZ,busRFV,1,bus1west,,
Siletz,Salvador Station,busSLZ,busNBN,1,bus1east,,
Siletz,Salvador Station,busSLZ,busRYM,1,bus201south,,
Siletz,Salvador Station,busSLZ,busSLB,1,bus341south,,
Siletz,Salvador Station,busSLZ,airSUA,10,walk,,
Siletz,Salvador Station,busSLZ,railSLZ,10,walk,,
,,,,,,,
Skogheim,Central,busSKO,busFCB,1,bus2south,,
Skogheim,Central,busSKO,railSKO,10,walk,,
,,,,,,,
Snowtopic,Boulevard,busSNW,busSTC,1,bus316north,,
Snowtopic,Boulevard,busSNW,railSNW,10,walk,,
,,,,,,,
Snowtopic,Transit Centre,busSTC,busSNW,1,bus316south,,
Snowtopic,Transit Centre,busSTC,railSNO,10,walk,,
,,,,,,,
Southport-sur-mer,MCR Station,busSSM,busPIA,1,bus201north,,
Southport-sur-mer,MCR Station,busSSM,railSSM,10,walk,,
,,,,,,,
Spring Valley,Fifth Street,busSVF,busVGJ,1,bus2north,,
Spring Valley,Fifth Street,busSVF,busSTR,1,bus2south,,
Spring Valley,Fifth Street,busSVF,busBBC,1,bus103west,,
Spring Valley,Fifth Street,busSVF,busWWC,1,bus103east,,
Spring Valley,Fifth Street,busSVF,railSVF,10,walk,,
,,,,,,,
Spruce Hills,,busSPH,busMWK,1,bus102north,,
Spruce Hills,,busSPH,busLNK,1,bus102south,,
,,,,,,,
Storalisburg,,busSTR,busSVF,1,bus2north,,
Storalisburg,,busSTR,busWHW,1,bus2south,,
Storalisburg,,busSTR,railSTR,10,walk,,
,,,,,,,
Sunshine Coast,Máspalmas Terminal,busSUN,busKTS,1,bus1west,,
Sunshine Coast,Máspalmas Terminal,busSUN,busMPI,1,bus1east,,
Sunshine Coast,Máspalmas Terminal,busSUN,railSUN,10,walk,,
,,,,,,,
Sunshine Cove,Rosedale Bus Terminal,busCVE,busMPI,1,bus1west,,
Sunshine Cove,Rosedale Bus Terminal,busCVE,busEST,1,bus1east,,
Sunshine Cove,Rosedale Bus Terminal,busCVE,busSCV,1,bus347south,,
,,,,,,,
Sunshine Cove,Waterside,busSCV,busCVE,1,bus347north,,
Sunshine Cove,Waterside,busSCV,sailSCV,10,walk,,
,,,,,,,
Utopia,Anthony Fokker Regional Airport & Transit Hub,busAFK,busJDL,1,bus306east,,
Utopia,Anthony Fokker Regional Airport & Transit Hub,busAFK,airAFK,10,walk,,
Utopia,Anthony Fokker Regional Airport & Transit Hub,busAFK,railAFK,10,walk,,
,,,,,,,
Utopia,IKEA,busIKE,busJDL,1,bus306west,,
,,,,,,,
Utopia,Jimmy Doolittle Regional Airport,busJDL,busAFK,1,bus306west,,
Utopia,Jimmy Doolittle Regional Airport,busJDL,busIKE,1,bus306east,,
Utopia,Jimmy Doolittle Regional Airport,busJDL,airJDL,10,walk,,
,,,,,,,
Vegeta,Junction,busVGJ,busSVG,1,bus2north,,
Vegeta,Junction,busVGJ,busSVF,1,bus2south,,
Vegeta,Junction,busVGJ,airVCA,10,walk,,
Vegeta,Junction,busVGJ,railVGJ,10,walk,,
,,,,,,,
Verdstrand,East Airfield,busVEX,busVRD,1,bus210north,bus211north,
Verdstrand,East Airfield,busVEX,busQUI,1,bus210south,,
Verdstrand,East Airfield,busVEX,busMRY,1,bus211south,,
Verdstrand,East Airfield,busVEX,airVEX,10,walk,,
,,,,,,,
Verdstrand,Transit Center,busVRD,busSEO,1,bus210north,bus211north,
Verdstrand,Transit Center,busVRD,busVEX,1,bus210south,bus211south,
,,,,,,,
Vermilion,Gateway Airport,busVER,busVVS,1,bus348south,bus349south,
Vermilion,Gateway Airport,busVER,airVER,10,walk,,
,,,,,,,
Vermilion,Seaplane Base,busVSB,busVWL,1,bus348north,,
,,,,,,,
Vermilion,Ventura Waterport Terminal H,busVWH,busVVS,1,bus349north,,
Vermilion,Ventura Waterport Terminal H,busVWH,sailVVW,10,walk,,
,,,,,,,
Vermilion,Ventura Waterport Terminal L,busVWL,busVVS,1,bus348north,,
Vermilion,Ventura Waterport Terminal L,busVWL,busVSB,1,bus348south,,
,,,,,,,
Vermilion,Victory Square,busVVS,busVER,1,bus348north,bus349north,
Vermilion,Victory Square,busVVS,busVWL,1,bus348south,,
Vermilion,Victory Square,busVVS,busVWH,1,bus349south,,
Vermilion,Victory Square,busVVS,busILR,1,bus372north,,
Vermilion,Victory Square,busVVS,railVVS,10,walk,,
,,,,,,,
Villanueva,Central,busVLC,busRSZ,1,bus346north,,
Villanueva,Central,busVLC,busVNU,1,bus346south,,
,,,,,,,
Villanueva,Port,busVNU,busVLC,1,bus346north,,
Villanueva,Port,busVNU,sailVNU,10,walk,,
,,,,,,,
Villanueva,Rick Sanchez Airfield,busRSZ,busVLC,1,bus346south,,
Villanueva,Rick Sanchez Airfield,busRSZ,airRSZ,10,walk,,
,,,,,,,
Washingcube,Airfield,busWCA,busWCE,1,bus312south,,
Washingcube,Airfield,busWCA,airWCA,10,walk,,
,,,,,,,
Washingcube,Central Rail Station,busWSH,busWCE,1,bus312north,,
Washingcube,Central Rail Station,busWSH,railWSH,10,walk,,
,,,,,,,
Washingcube,East FrostyRail Station,busWCE,busWCA,1,bus312north,,
Washingcube,East FrostyRail Station,busWCE,busWSH,1,bus312south,,
,,,,,,,
Waterville,Municipal Airport,busWMA,busOAW,1,bus307north,,
Waterville,Municipal Airport,busWMA,busWTU,1,bus307south,,
Waterville,Municipal Airport,busWMA,airWMA,10,walk,,
,,,,,,,
Waterville,Orio & Waterville RaiLinQ Station,busOAW,busHLB,1,bus3west,,
Waterville,Orio & Waterville RaiLinQ Station,busOAW,busAMD,1,bus3east,,
Waterville,Orio & Waterville RaiLinQ Station,busOAW,busWMA,1,bus307south,,
,,,,,,,
Waterville,Union Station,busWTU,busWMA,1,bus307north,,
Waterville,Union Station,busWTU,railWTU,10,walk,,
,,,,,,,
Waverly,Edinburgh Station,busWAV,busEGT,1,bus106north,,
Waverly,Edinburgh Station,busWAV,busKPT,1,bus106south,,
Waverly,Edinburgh Station,busWAV,busWVP,1,bus343west,,
Waverly,Edinburgh Station,busWAV,airWAV,10,walk,,
Waverly,Edinburgh Station,busWAV,railWAV,10,walk,,
,,,,,,,
Waverly,Marina,busWVP,busWAV,1,bus343east,,
Waverly,Marina,busWVP,sailWVP,10,walk,,
,,,,,,,
Wazamawazi,Queen Maxima,busWQM,busWWC,1,bus103west,,
Wazamawazi,Queen Maxima,busWQM,busWZA,1,bus354north,,
,,,,,,,
Wazamawazi,Westcross Transferium,busWWC,busSVF,1,bus103west,,
Wazamawazi,Westcross Transferium,busWWC,busWQM,1,bus103east,,
,,,,,,,
Wazamawazi,Zoeteman Regional Airport,busWZA,busWQM,1,bus354south,,
Wazamawazi,Zoeteman Regional Airport,busWZA,airWZA,10,walk,,
,,,,,,,
Wendolig,Trevithick District Bus Station,busWDG,busPSM,1,bus216east,,
,,,,,,,
West Calbar,Regional Airport,busCAL,busWHB,1,bus315south,,
West Calbar,Regional Airport,busCAL,airCAL,10,walk,,
,,,,,,,
Westburg,Beltway Parade,busWBB,busCBT,1,bus365north,,
Westburg,Beltway Parade,busWBB,busWBP,1,bus365south,,
Westburg,Beltway Parade,busWBB,railBTS,10,walk,,
,,,,,,,
Westburg,Junction,busWBJ,busWBP,1,bus365north,,
,,,,,,,
Westburg,Parliament Drive,busWBP,busWBB,1,bus365north,,
Westburg,Parliament Drive,busWBP,busWBJ,1,bus365south,,
,,,,,,,
Weston,Harbour,busWEH,busWHV,1,bus103east,bus104north,bus356east
Weston,Harbour,busWEH,busWEM,1,bus356west,,
Weston,Harbour,busWEH,sailWES,10,walk,,
,,,,,,,
Weston,Hillview Intercity Bus Terminal,busWHV,busWEH,1,bus103west,bus104south,bus356west
Weston,Hillview Intercity Bus Terminal,busWHV,busMJT,1,bus103east,bus104north,
,,,,,,,
Weston,Main Station,busWEM,busWEH,1,bus356east,,
,,,,,,,
Whitechapel,Border,busWHB,busWHC,1,bus207south,,
Whitechapel,Border,busWHB,busCAL,1,bus315north,,
Whitechapel,Border,busWHB,railWHB,10,walk,,
,,,,,,,
Whitechapel,Corrigan Northern,busWHC,busWHB,1,bus207north,,
Whitechapel,Corrigan Northern,busWHC,busWHW,1,bus207south,,
,,,,,,,
Whitechapel,Sky Harbor,busWHT,busWHW,1,bus207north,,
Whitechapel,Sky Harbor,busWHT,busRAD,1,bus207south,,
Whitechapel,Sky Harbor,busWHT,airWHT,10,walk,,
,,,,,,,
Whitechapel,Waterfront,busWHW,busSTR,1,bus2north,,
Whitechapel,Waterfront,busWHW,busRAD,1,bus2south,,
Whitechapel,Waterfront,busWHW,busLAC,1,bus102north,,
Whitechapel,Waterfront,busWHW,busILP,1,bus106south,,
Whitechapel,Waterfront,busWHW,busWHC,1,bus207north,,
Whitechapel,Waterfront,busWHW,busWHT,1,bus207south,,
Whitechapel,Waterfront,busWHW,sailWHF,10,walk,,
,,,,,,,
Whitecliff,Central,busWCF,busNEW,1,bus202west,,
Whitecliff,Central,busWCF,railWCF,10,walk,,
,,,,,,,
Whiteley,Aerodrome,busSWH,busWAP,1,bus302east,,
Whiteley,Aerodrome,busSWH,airSWH,10,walk,,
,,,,,,,
Whiteley,Airport Parkway,busWAP,busWSU,1,bus301north,,
Whiteley,Airport Parkway,busWAP,busWHO,1,bus301south,bus302east,
Whiteley,Airport Parkway,busWAP,busSWH,1,bus302west,,
,,,,,,,
Whiteley,College Park,busWCP,busWSU,1,bus301south,,
,,,,,,,
Whiteley,Olympia-Cacturne Boulevards,busWHO,busWAP,1,bus301north,bus302west,
Whiteley,Olympia-Cacturne Boulevards,busWHO,railWHO,10,walk,,
Whiteley,Olympia-Cacturne Boulevards,busWHO,bahnWHO,100,walk,,
,,,,,,,
Whiteley,Southwold University,busWSU,busWCP,1,bus301north,,
Whiteley,Southwold University,busWSU,busWAP,1,bus301south,,
,,,,,,,
Winterside,,busWNS,busHEN,1,bus3west,,
Winterside,,busWNS,busANH,1,bus3east,,
Winterside,,busWNS,railWNS,10,walk,,
,,,,,,,
Woodsdale,BluRail Station,busWDL,busCWB,1,bus208south,,
,,,,,,,
Woodsdale,Municipal Airport,busCWB,busLNK,1,bus3west,,
Woodsdale,Municipal Airport,busCWB,busBVC,1,bus3east,,
Woodsdale,Municipal Airport,busCWB,busWDL,1,bus208north,,
Woodsdale,Municipal Airport,busCWB,busBCY,1,bus208south,,
Woodsdale,Municipal Airport,busCWB,airCWB,10,walk,,
,,,,,,,
Xandar-Vekta,Isthmus CitiRail Station,busXCR,busXRQ,1,bus325south,,
,,,,,,,
Xandar-Vekta,Transfer Station,busXVT,busXRQ,1,bus325north,,
Xandar-Vekta,Transfer Station,busXVT,busPXA,1,bus325south,,
Xandar-Vekta,Transfer Station,busXVT,sailXVT,10,walk,,
,,,,,,,
Xandar-Vekta,Vekta & Xandar RaiLinQ Station,busXRQ,busILR,1,bus106north,,
Xandar-Vekta,Vekta & Xandar RaiLinQ Station,busXRQ,busPXC,1,bus106south,,
Xandar-Vekta,Vekta & Xandar RaiLinQ Station,busXRQ,busXCR,1,bus325north,,
Xandar-Vekta,Vekta & Xandar RaiLinQ Station,busXRQ,busXVT,1,bus325south,,
,,,,,,,
Xilia,HSR,busXHS,busXLN,1,bus363north,,
,,,,,,,
Xilia,IntraAir Heli Lines Boarding Center,busXIH,busXLN,1,bus364west,,
Xilia,IntraAir Heli Lines Boarding Center,busXIH,busXSE,1,bus364eaat,,
Xilia,IntraAir Heli Lines Boarding Center,busXIH,airXIH,10,walk,,
,,,,,,,
Xilia,Nation,busXLN,busSER,1,bus2north,,
Xilia,Nation,busXLN,busCBT,1,bus2south,,
Xilia,Nation,busXLN,busXHS,1,bus363south,,
Xilia,Nation,busXLN,busXIH,1,bus364east,,
,,,,,,,
Xilia,Saint-Exupéry Airfield,busXSE,busXIH,1,bus364west,,
Xilia,Saint-Exupéry Airfield,busXSE,airXSE,10,walk,,
,,,,,,,
Yonge,,busYON,busMED,1,bus105west,,
Yonge,,busYON,busFEL,1,bus105east,,