Accerton,,railACC,railACA,1,rail_5north,,,,
Accerton,,railACC,railNSS,1,rail_5south,,,,
,,,,,,,,,
Achowalogen Takachsin,Digipool,railDIG,railMER,1,rail_207north,,,,
Achowalogen Takachsin,Digipool,railDIG,railWLB,1,rail_207south,,,,
,,,,,,,,,
Achowalogen Takachsin,Merchant City,railMER,railMMN,1,rail_207north,rail_307north,,,
Achowalogen Takachsin,Merchant City,railMER,railDIG,1,rail_207south,,,,
Achowalogen Takachsin,Merchant City,railMER,railATC,1,rail_307south,,,,
,,,,,,,,,
Achowalogen Takachsin,Orion,railORI,railNHR,1,rail_4north,,,,
Achowalogen Takachsin,Orion,railORI,railATS,1,rail_4south,,,,
Achowalogen Takachsin,Orion,railORI,railMCI,1,rail_4Xnorth,,,,
Achowalogen Takachsin,Orion,railORI,railATC,1,rail_4Xsouth,rail_10Xwest,,,
Achowalogen Takachsin,Orion,railORI,railSOL,1,rail_10Xeast,,,,
Achowalogen Takachsin,Orion,railORI,busORI,10,walk,,,,
,,,,,,,,,
Achowalogen Takachsin,Solarion,railSOL,railORI,1,rail_10Xwest,,,,
Achowalogen Takachsin,Solarion,railSOL,railLAF,1,rail_10Xeast,,,,
Achowalogen Takachsin,Solarion,railSOL,busSOL,10,walk,,,,
,,,,,,,,,
Achowalogen Takachsin,Suburb,railATS,railORI,1,rail_4north,,,,
Achowalogen Takachsin,Suburb,railATS,railATD,1,rail_4south,,,,
,,,,,,,,,
Achowalogen Takachsin,West,railATW,railATD,1,rail_4north,,,,
Achowalogen Takachsin,West,railATW,railATC,1,rail_4south,,,,
Achowalogen Takachsin,West,railATW,busATW,10,walk,,,,
,,,,,,,,,
Achowalogen Takachsin-Covina,Downtown,railATD,railATS,1,rail_4north,,,,
Achowalogen Takachsin-Covina,Downtown,railATD,railATW,1,rail_4south,,,,
,,,,,,,,,
Achowalogen Takachsin-Covina,International Airport,railATC,railSIE,1,rail_2Xnorth,,,,
Achowalogen Takachsin-Covina,International Airport,railATC,railCCW,1,rail_2Xnorth,,,,
Achowalogen Takachsin-Covina,International Airport,railATC,railWDB,1,rail_2Xsouth,rail_4south,,,
Achowalogen Takachsin-Covina,International Airport,railATC,railSLZ,1,rail_2Xsouth,rail_4Xsouth,rail_5Xsouth,,
Achowalogen Takachsin-Covina,International Airport,railATC,railATW,1,rail_4north,,,,
Achowalogen Takachsin-Covina,International Airport,railATC,railORI,1,rail_4Xnorth,rail_10Xeast,,,
Achowalogen Takachsin-Covina,International Airport,railATC,railCOV,1,rail_5Xnorth,,,,
Achowalogen Takachsin-Covina,International Airport,railATC,railMER,1,rail_307north,,,,
Achowalogen Takachsin-Covina,International Airport,railATC,airATC,30,walk,,,,
,,,,,,,,,
Addison,,railADD,railTAI,1,rail_10west,,,,
Addison,,railADD,railRAY,1,rail_10east,,,,
,,,,,,,,,
Aeolia,,railAEO,railCAC,1,rail_8west,,,,
Aeolia,,railAEO,railLCH,1,rail_8east,,,,
,,,,,,,,,
Airchester,Airfield,railACA,railACH,1,rail_5north,,,,
Airchester,Airfield,railACA,railACC,1,rail_5south,,,,
Airchester,Airfield,railACA,airACA,30,walk,,,,
Airchester,Airfield,railACA,busACA,10,walk,,,,
,,,,,,,,,
Airchester,Central,railACH,railSES,1,rail_5north,,,,
Airchester,Central,railACH,railACA,1,rail_5south,,,,
Airchester,Central,railACH,railLAF,1,rail_5Xnorth,,,,
Airchester,Central,railACH,railNSS,1,rail_5Xsouth,,,,
Airchester,Central,railACH,airEIA,30,walk,,,,
Airchester,Central,railACH,busACH,10,walk,,,,
,,,,,,,,,
Alexandriasburg,,railALX,railNSV,1,mcr_504south,,,,
Alexandriasburg,,railALX,busALX,10,walk,,,,
,,,,,,,,,
Amestris,Cummins Highway,railAMC,railLHT,1,rail_202east,,,,
Amestris,Cummins Highway,railAMC,busAMC,10,walk,,,,
,,,,,,,,,
Amestris,Washington Street,railAMW,railWCD,1,rail_202west,,,,
Amestris,Washington Street,railAMW,railLHT,1,rail_202east,,,,
Amestris,Washington Street,railAMW,busAMW,10,walk,,,,
,,,,,,,,,
Anthro Island,Airport,railAIS,railUUM,1,rail_213north,,,,
Anthro Island,Airport,railAIS,railAIL,1,rail_213south,,,,
Anthro Island,Airport,railAIS,airAIS,30,walk,,,,
,,,,,,,,,
Anthro Island,City Hall,railAIL,railAIS,1,rail_213north,,,,
,,,,,,,,,
Antioch,Regional Airfield,railANA,railANT,1,rail_4north,,,,
Antioch,Regional Airfield,railANA,railTAK,1,rail_4south,,,,
Antioch,Regional Airfield,railANA,airANA,30,walk,,,,
Antioch,Regional Airfield,railANA,busANA,10,walk,,,,
,,,,,,,,,
Antioch,Union Station,railANT,railSIA,1,rail_4north,rail_6west,,,
Antioch,Union Station,railANT,railANA,1,rail_4south,,,,
Antioch,Union Station,railANT,railPER,1,rail_6east,,,,
Antioch,Union Station,railANT,busANT,10,walk,,,,
,,,,,,,,,
Aprix,,railAPX,railESP,1,rail_108west,,,,
Aprix,,railAPX,railMUS,1,rail_108east,,,,
Aprix,,railAPX,busAPX,10,walk,,,,
,,,,,,,,,
Arcadia,City Hall,railARC,railMAX,1,rail_8west,rail_209west,,,
Arcadia,City Hall,railARC,railDNA,1,rail_8east,rail_209east,,,
Arcadia,City Hall,railARC,busARC,10,walk,,,,
,,,,,,,,,
Arcadia,Dana Point,railDNA,railARC,1,rail_8west,rail_209west,,,
Arcadia,Dana Point,railDNA,railSSI,1,rail_8east,rail_209east,,,
,,,,,,,,,
Arcadium,,railACD,railLRB,1,rail_3north,,,,
Arcadium,,railACD,railTLA,1,rail_3south,,,,
,,,,,,,,,
Arendale,,railARN,railHAR,1,rail_3north,,,,
Arendale,,railARN,railSPP,1,rail_3south,,,,
,,,,,,,,,
Ashmore,,railASH,railMON,1,rail_1north,,,,
Ashmore,,railASH,railSNK,1,rail_1south,,,,
,,,,,,,,,
Aston,,railASN,railWRS,1,rail_212south,,,,
,,,,,,,,,
Astoria,,railAST,railLEV,1,rail_7north,,,,
Astoria,,railAST,railSLK,1,rail_7south,rail_102west,,,
Astoria,,railAST,railSDU,1,rail_7Xnorth,,,,
Astoria,,railAST,railEBN,1,rail_7Xsouth,,,,
Astoria,,railAST,railWYT,1,rail_102east,,,,
,,,,,,,,,
Asuka,,railASK,railAUC,1,rail_2north,,,,
Asuka,,railASK,railSAV,1,rail_2south,,,,
,,,,,,,,,
Auckland,,railAUC,railMOR,1,rail_2north,,,,
Auckland,,railAUC,railASK,1,rail_2south,,,,
,,,,,,,,,
Aurora,,railAUR,railLAF,1,rail_10west,,,,
Aurora,,railAUR,railLBX,1,rail_10east,,,,
,,,,,,,,,
Bakersville,Fairfield Airfield,railBFA,railBWJ,1,rail_202west,rail_202Awest,rail_204south,,
Bakersville,Fairfield Airfield,railBFA,railGCT,1,rail_202east,rail_204north,,,
Bakersville,Fairfield Airfield,railBFA,airBFA,30,walk,,,,
,,,,,,,,,
Bakersville,Grand Central,railGCT,railBVC,1,rail_1north,,,,
Bakersville,Grand Central,railGCT,railBLV,1,rail_1south,,,,
Bakersville,Grand Central,railGCT,railBFA,1,rail_202west,rail_202Awest,rail_204south,,
Bakersville,Grand Central,railGCT,railBNC,1,rail_309north,,,,
Bakersville,Grand Central,railGCT,railBTN,1,rail_401Xsouth,,,,
Bakersville,Grand Central,railGCT,busGCT,10,walk,,,,
,,,,,,,,,
Bakersville,New Carrollton Station,railBNC,railGCT,1,rail_309south,,,,
,,,,,,,,,
Bakersville,Westchester Junction - Canal Works,railBWJ,railCAP,1,rail_202west,rail_202Awest,,,
Bakersville,Westchester Junction - Canal Works,railBWJ,railBFA,1,rail_202east,rail_204north,,,
Bakersville,Westchester Junction - Canal Works,railBWJ,railVSH,1,rail_204south,,,,
,,,,,,,,,
Bawktown,Brick Street,railBWK,railLUM,1,rail_9north,,,,
Bawktown,Brick Street,railBWK,railJUN,1,rail_9south,,,,
Bawktown,Brick Street,railBWK,railCNW,1,rail_9Xnorth,,,,
Bawktown,Brick Street,railBWK,railEND,1,rail_9Xsouth,,,,
Bawktown,Brick Street,railBWK,railBKS,1,rail_10west,,,,
Bawktown,Brick Street,railBWK,railLAP,1,rail_10Xwest,,,,
Bawktown,Brick Street,railBWK,railKLE,1,rail_10Xeast,,,,
Bawktown,Brick Street,railBWK,busBWK,10,walk,,,,
,,,,,,,,,
Bawktown,South Station,railBKS,railRAY,1,rail_10west,,,,
Bawktown,South Station,railBKS,railBWK,1,rail_10east,,,,
Bawktown,South Station,railBKS,busBKM,10,walk,,,,
,,,,,,,,,
Bean City,,railBEA,railLAW,1,rail_107west,,,,
Bean City,,railBEA,railTEN,1,rail_107east,,,,
Bean City,,railBEA,busBEA,10,walk,,,,
,,,,,,,,,
Bechtel,,railBEC,railFLP,1,rail_6west,,,,
Bechtel,,railBEC,railNIW,1,rail_6east,,,,
,,,,,,,,,
Belvadere,,railBLV,railGCT,1,rail_1north,,,,
Belvadere,,railBLV,railLAN,1,rail_1south,,,,
,,,,,,,,,
Benion,Bus Exchange,railBEN,railBVC,1,rail_4north,,,,
Benion,Bus Exchange,railBEN,railPHX,1,rail_4south,,,,
,,,,,,,,,
BirchView,Central,railBVC,railGCT,1,rail_1south,,,,
BirchView,Central,railBVC,railNIP,1,rail_1Xnorth,rail_4Xnorth,,,
BirchView,Central,railBVC,railLAN,1,rail_1Xsouth,,,,
BirchView,Central,railBVC,railPHX,1,rail_4Xsouth,,,,
BirchView,Central,railBVC,railHGT,1,rail_4north,,,,
BirchView,Central,railBVC,railBEN,1,rail_4south,,,,
BirchView,Central,railBVC,railMMN,1,rail_207south,,,,
BirchView,Central,railBVC,busBVC,10,walk,,,,
,,,,,,,,,
Birchwood,,railBCH,railSVG,1,rail_2north,,,,
Birchwood,,railBCH,railRSE,1,rail_2south,,,,
Birchwood,,railBCH,airBMH,30,walk,,,,
Birchwood,,railBCH,busBCH,10,walk,,,,
,,,,,,,,,
Birdhall,Transit Hub,railBRD,railTWJ,1,rail_101west,,,,
Birdhall,Transit Hub,railBRD,railWHO,1,rail_101east,,,,
Birdhall,Transit Hub,railBRD,railDBN,1,rail_108west,,,,
Birdhall,Transit Hub,railBRD,railWAV,1,rail_108east,,,,
Birdhall,Transit Hub,railBRD,railHSK,1,rail_305south,,,,
,,,,,,,,,
Blackberry City,Main Street,railBBC,railTEN,1,rail_107west,,,,
Blackberry City,Main Street,railBBC,railSVF,1,rail_107east,,,,
Blackberry City,Main Street,railBBC,railMJT,1,rail_107Xwest,,,,
Blackberry City,Main Street,railBBC,railMOR,1,rail_107Xeast,,,,
Blackberry City,Main Street,railBBC,busBBC,10,walk,,,,
,,,,,,,,,
Borealia,,railBOR,railSKO,1,rail_2north,,,,
Borealia,,railBOR,railWLW,1,rail_2south,,,,
Borealia,,railBOR,railICL,1,rail_214west,,,,
Borealia,,railBOR,railLAR,1,rail_214east,,,,
,,,,,,,,,
Boston,Clapham Junction,railBCJ,railBSI,1,rail_7north,,,,
Boston,Clapham Junction,railBCJ,railWBG,1,rail_7south,,,,
Boston,Clapham Junction,railBCJ,railZQT,1,rail_7Xnorth,,,,
Boston,Clapham Junction,railBCJ,railSBC,1,rail_7Xsouth,,,,
Boston,Clapham Junction,railBCJ,railSHM,1,rail_103north,,,,
Boston,Clapham Junction,railBCJ,railBWL,1,rail_103south,,,,
Boston,Clapham Junction,railBCJ,busBCJ,10,walk,,,,
,,,,,,,,,
Boston,Stratford International,railBSI,railZQT,1,rail_7north,,,,
Boston,Stratford International,railBSI,railBCJ,1,rail_7south,,,,
Boston,Stratford International,railBSI,busBSI,10,walk,,,,
Boston,Stratford International,railBSI,busBOS,10,walk,,,,
,,,,,,,,,
Boston,Waterloo Station,railBWL,railBCJ,1,rail_103north,,,,
,,,,,,,,,
Bridgeport,,railBDG,railMAL,1,mcr_502north,mcr_503north,,,
Bridgeport,,railBDG,railEEP,1,mcr_502south,mcr_503south,,,
,,,,,,,,,
Bristol,Downtown,railBRS,railBSE,1,rail_6west,,,,
Bristol,Downtown,railBRS,railSWE,1,rail_6east,,,,
,,,,,,,,,
Bristol,Southeast,railBSE,railKSP,1,rail_6west,,,,
Bristol,Southeast,railBSE,railBRS,1,rail_6east,,,,
,,,,,,,,,
Broville,,railBRO,railMRT,1,rail_5north,rail_105east,,,
Broville,,railBRO,railPAD,1,rail_5south,rail_105west,,,
Broville,,railBRO,airBRO,30,walk,,,,
,,,,,,,,,
Broxbourne,,railBRX,railRNK,1,rail_6west,,,,
Broxbourne,,railBRX,railNLD,1,rail_6east,,,,
,,,,,,,,,
Cactus River,Main Street,railCAC,railVLD,1,rail_8west,,,,
Cactus River,Main Street,railCAC,railAEO,1,rail_8east,,,,
,,,,,,,,,
Cactus River,SE8,railCTS,railVLD,1,mcr_508west,,,,
,,,,,,,,,
Cadencia,,railCAD,railRVP,1,rail_9north,,,,
Cadencia,,railCAD,railEND,1,rail_9south,,,,
,,,,,,,,,
Capsville,,railCAP,railLTH,1,rail_202west,rail_202Awest,,,
Capsville,,railCAP,railBWJ,1,rail_202east,,,,
,,,,,,,,,
Central City,Beltway Terminal North,railBTN,railSNK,1,rail_1north,,,,
Central City,Beltway Terminal North,railBTN,railBTS,1,rail_1south,mcr_506east,,,
Central City,Beltway Terminal North,railBTN,railCOR,1,rail_1Xnorth,,,,
Central City,Beltway Terminal North,railBTN,railCWE,1,rail_1Xsouth,,,,
Central City,Beltway Terminal North,railBTN,railSEA,1,rail_2Xnorth,,,,
Central City,Beltway Terminal North,railBTN,railCCW,1,rail_2Xsouth,rail_106east,,,
Central City,Beltway Terminal North,railBTN,railGCT,1,rail_401Xnorth,,,,
Central City,Beltway Terminal North,railBTN,railSNF,1,rail_401Xsouth,,,,
Central City,Beltway Terminal North,railBTN,airWCC,30,walk,,,,
Central City,Beltway Terminal North,railBTN,busCBT,10,walk,,,,
,,,,,,,,,
Central City,MRT Land,railMRL,railCCW,1,rail_106west,,,,
Central City,MRT Land,railMRL,railTRI,1,rail_106east,,,,
,,,,,,,,,
Central City,Warp Rail Terminal,railCCW,railBTN,1,rail_2Xnorth,rail_106west,,,
Central City,Warp Rail Terminal,railCCW,railRCH,1,rail_2Xsouth,,,,
Central City,Warp Rail Terminal,railCCW,railATC,1,rail_2Xsouth,,,,
Central City,Warp Rail Terminal,railCCW,railMRL,1,rail_106east,,,,
Central City,Warp Rail Terminal,railCCW,railGZA,1,rail_207north,,,,
Central City,Warp Rail Terminal,railCCW,railRFN,1,mcr_503south,,,,
,,,,,,,,,
Chalxior,Femtoprism Airfield,railCFA,railSGV,1,rail_1Xnorth,,,,
Chalxior,Femtoprism Airfield,railCFA,railSIA,1,rail_1Xsouth,rail_4Xsouth,,,
Chalxior,Femtoprism Airfield,railCFA,railOPA,1,rail_4north,rail_4Xnorth,,,
Chalxior,Femtoprism Airfield,railCFA,railPIL,1,rail_4south,rail_6east,,,
Chalxior,Femtoprism Airfield,railCFA,railWCF,1,rail_6west,,,,
Chalxior,Femtoprism Airfield,railCFA,railCWD,1,rail_308west,,,,
Chalxior,Femtoprism Airfield,railCFA,airCFA,30,walk,,,,
Chalxior,Femtoprism Airfield,railCFA,busCFA,10,walk,,,,
,,,,,,,,,
Chalxior,Western Docks,railCWD,railCFA,1,rail_308east,,,,
Chalxior,Western Docks,railCWD,busCWD,10,walk,,,,
,,,,,,,,,
Chan Bay,,railCHN,railKAN,1,mcr_501east,,,,
Chan Bay,,railCHN,railNEK,1,mcr_509south,,,,
Chan Bay,,railCHN,busCHN,10,walk,,,,
,,,,,,,,,
Chansee,,railCHS,railJUN,1,rail_9north,,,,
Chansee,,railCHS,railRVP,1,rail_9south,,,,
,,,,,,,,,
Cherrywood,,railCHY,railLAZ,1,rail_10west,,,,
Cherrywood,,railCHY,railSSP,1,rail_10east,,,,
,,,,,,,,,
Christi,,railCRS,railLAC,1,rail_1north,,,,
Christi,,railCRS,railCOR,1,rail_1south,,,,
,,,,,,,,,
Coalwood,,railCOA,railFMN,1,rail_2north,,,,
Coalwood,,railCOA,railMUS,1,rail_2south,,,,
,,,,,,,,,
Conricsto,,railCON,railSEG,1,rail_108west,,,,
Conricsto,,railCON,railSLZ,1,rail_108east,,,,
Conricsto,,railCON,railRFD,1,mcr_503north,,,,
Conricsto,,railCON,railDLN,1,mcr_503south,,,,
Conricsto,,railCON,railSDY,1,mcr_506west,,,,
Conricsto,,railCON,railPAL,1,mcr_506east,,,,
,,,,,,,,,
Cornus,Central,railCOR,railCRS,1,rail_1north,,,,
Cornus,Central,railCOR,railMON,1,rail_1south,,,,
Cornus,Central,railCOR,railLAC,1,rail_1Xnorth,,,,
Cornus,Central,railCOR,railBTN,1,rail_1Xsouth,,,,
,,,,,,,,,
Cornwall,Great Union Terminal,railCNW,railVFS,1,rail_5north,rail_5Xnorth,rail_9north,rail_9Xnorth,rail_105east
Cornwall,Great Union Terminal,railCNW,railMRT,1,rail_5south,rail_105west,,,
Cornwall,Great Union Terminal,railCNW,railNYM,1,rail_5Xsouth,,,,
Cornwall,Great Union Terminal,railCNW,railKEV,1,rail_9south,,,,
Cornwall,Great Union Terminal,railCNW,railBWK,1,rail_9Xsouth,,,,
Cornwall,Great Union Terminal,railCNW,busCNW,10,walk,,,,
,,,,,,,,,
Covina,Bus Station,railCOV,railNSS,1,rail_5Xnorth,,,,
Covina,Bus Station,railCOV,railATC,1,rail_5Xsouth,,,,
Covina,Bus Station,railCOV,busCOV,10,walk,,,,
,,,,,,,,,
Creeperville,Haneda Airport,railHND,railCSK,1,rail_210Enorth,,,,
Creeperville,Haneda Airport,railHND,railWNS,1,rail_210Esouth,,,,
Creeperville,Haneda Airport,railHND,airHND,30,walk,,,,
,,,,,,,,,
Creeperville,Sakura Park,railCSK,railHWM,1,rail_210Wsouth,,,,
Creeperville,Sakura Park,railCSK,railCRP,1,rail_210Enorth,,,,
Creeperville,Sakura Park,railCSK,railHND,1,rail_210Esouth,,,,
,,,,,,,,,
Creeperville,Shimoko,railCRP,railNIP,1,rail_105west,,,,
Creeperville,Shimoko,railCRP,railANR,1,rail_105east,,,,
Creeperville,Shimoko,railCRP,railCSK,1,rail_210Esouth,,,,
,,,,,,,,,
Cremona,,railCRM,railMUR,1,rail_209east,,,,
,,,,,,,,,
Cypress,,railCYP,railWES,1,rail_107west,,,,
Cypress,,railCYP,railMJT,1,rail_107east,,,,
,,,,,,,,,
Dabecco,,railDAB,railWDB,1,rail_4north,,,,
Dabecco,,railDAB,railSLZ,1,rail_4south,,,,
Dabecco,,railDAB,busDAB,10,walk,,,,
,,,,,,,,,
Dand,Grand Central,railDND,railSVN,1,rail_7north,,,,
Dand,Grand Central,railDND,railFUL,1,rail_8west,,,,
Dand,Grand Central,railDND,railDNS,1,rail_8east,,,,
Dand,Grand Central,railDND,busDND,10,walk,,,,
,,,,,,,,,
Dand,Stoneburg Resort,railDNS,railDND,1,rail_8west,,,,
Dand,Stoneburg Resort,railDNS,railSSD,1,rail_8east,,,,
Dand,Stoneburg Resort,railDNS,busDNS,10,walk,,,,
,,,,,,,,,
Danielston,Paisley Place Transportation Center,railDAN,railFMN,1,rail_2Xnorth,,,,
Danielston,Paisley Place Transportation Center,railDAN,railCWE,1,rail_2Xsouth,,,,
,,,,,,,,,
Deadbush,Blackwater / WMI,railWMI,railDFM,1,mcr_501west,,,,
Deadbush,Blackwater / WMI,railWMI,railDBE,1,mcr_501east,,,,
Deadbush,Blackwater / WMI,railWMI,railDBV,1,mcr_507south,,,,
Deadbush,Blackwater / WMI,railWMI,airWMI,30,walk,,,,
Deadbush,Blackwater / WMI,railWMI,busWMI,10,walk,,,,
,,,,,,,,,
Deadbush,Centro,railGHW,railKRJ,1,rail_310south,,,,
Deadbush,Centro,railGHW,busGHW,10,walk,,,,
,,,,,,,,,
Deadbush,Euphorial,railDBE,railWMI,1,mcr_501west,,,,
Deadbush,Euphorial,railDBE,railQUA,1,mcr_501east,,,,
Deadbush,Euphorial,railDBE,busDBE,10,walk,,,,
,,,,,,,,,
Deadbush,Far East Interchange,railDFE,railKRJ,1,rail_101west,,,,
Deadbush,Far East Interchange,railDFE,railTWJ,1,rail_101east,,,,
,,,,,,,,,
Deadbush,Hacienda Mojito,railMOJ,railWEZ,1,mcr_507north,,,,
Deadbush,Hacienda Mojito,railMOJ,railVKB,1,mcr_507south,,,,
,,,,,,,,,
Deadbush,Heampstead Kings Cross Railway Terminal,railHMP,railDBN,1,rail_108east,,,,
Deadbush,Heampstead Kings Cross Railway Terminal,railHMP,airHMH,30,walk,,,,
Deadbush,Heampstead Kings Cross Railway Terminal,railHMP,busHMK,10,walk,,,,
,,,,,,,,,
Deadbush,Karaj Transit Center,railKRJ,railDWD,1,rail_101west,,,,
Deadbush,Karaj Transit Center,railKRJ,railDFE,1,rail_101east,,,,
Deadbush,Karaj Transit Center,railKRJ,railGHW,1,rail_310north,,,,
Deadbush,Karaj Transit Center,railKRJ,busKRJ,10,walk,,,,
,,,,,,,,,
Deadbush,Nord,railDBN,railHMP,1,rail_108west,,,,
Deadbush,Nord,railDBN,railBRD,1,rail_108east,,,,
Deadbush,Nord,railDBN,busDBN,10,walk,,,,
,,,,,,,,,
Deadbush,Peachtree City / DFM,railDFM,railGEM,1,mcr_501west,,,,
Deadbush,Peachtree City / DFM,railDFM,railWMI,1,mcr_501east,,,,
Deadbush,Peachtree City / DFM,railDFM,airDFM,30,walk,,,,
,,,,,,,,,
Deadbush,Quarryville,railQUA,railDBE,1,mcr_501west,,,,
Deadbush,Quarryville,railQUA,railVAL,1,mcr_501east,,,,
,,,,,,,,,
Deadbush,Valletta,railDBV,railWMI,1,mcr_507north,,,,
Deadbush,Valletta,railDBV,railWEZ,1,mcr_507south,,,,
,,,,,,,,,
Deadbush,Volkov Bay,railVKB,railMOJ,1,mcr_507north,,,,
,,,,,,,,,
Deadbush,Wesdorp,railDWD,railKRJ,1,rail_101east,,,,
,,,,,,,,,
Deadbush,Weezerville,railWEZ,railDBV,1,mcr_507north,,,,
Deadbush,Weezerville,railWEZ,railMOJ,1,mcr_507south,,,,
Deadbush,Weezerville,railWEZ,sailWEZ,30,walk,,,,
Deadbush,Weezerville,railWEZ,busWEZ,10,walk,,,,
,,,,,,,,,
Delta City,Henry Avenue,railDLC,railUTP,1,rail_2north,,,,
Delta City,Henry Avenue,railDLC,railMTH,1,rail_2south,,,,
,,,,,,,,,
Delta City,First Street,railDLF,railMMR,1,mcr_502north,,,,
Delta City,First Street,railDLF,railMAL,1,mcr_502south,,,,
,,,,,,,,,
Delta City,North,railDLN,railCON,1,mcr_503north,,,,
Delta City,North,railDLN,railMAL,1,mcr_503south,,,,
,,,,,,,,,
Dogwood,Madison Beach Station,railDOG,railRNK,1,rail_3north,,,,
Dogwood,Madison Beach Station,railDOG,railSND,1,rail_3south,,,,
Dogwood,Madison Beach Station,railDOG,busDOG,10,walk,,,,
,,,,,,,,,
Eagleshore,,railEAG,railRSE,1,rail_2north,,,,
Eagleshore,,railEAG,railSVA,1,rail_2south,,,,
Eagleshore,,railEAG,busEAG,10,walk,,,,
,,,,,,,,,
East Mesa,M. Bubbles Station,railESM,railUUM,1,rail_10Xwest,rail_213south,,,
,,,,,,,,,
Edwardsburg,,railEDW,railVSE,1,mcr_508east,,,,
,,,,,,,,,
Eep,,railEEP,railOCJ,1,mcr_501west,,,,
Eep,,railEEP,railSHM,1,mcr_501east,,,,
Eep,,railEEP,railBDG,1,mcr_502north,mcr_503north,,,
,,,,,,,,,
Elecna Bay,Kelvinside Central,railKLV,railSLK,1,rail_7north,rail_102east,,,
Elecna Bay,Kelvinside Central,railKLV,railEBN,1,rail_7south,rail_102west,,,
,,,,,,,,,
Elecna Bay,North,railEBN,railKLV,1,rail_7north,rail_102east,,,
Elecna Bay,North,railEBN,railZQT,1,rail_7south,rail_7Xsouth,rail_102west,,
Elecna Bay,North,railEBN,railAST,1,rail_7Xnorth,,,,
Elecna Bay,North,railEBN,busEBN,10,walk,,,,
,,,,,,,,,
Endor,,railEND,railCAD,1,rail_9north,,,,
Endor,,railEND,railGRS,1,rail_9south,rail_9Xsouth,,,
Endor,,railEND,railBWK,1,rail_9Xnorth,,,,
,,,,,,,,,
Enspington,Anbury Square Railway Station,railENS,railMMA,1,rail_215north,,,,
Enspington,Anbury Square Railway Station,railENS,railRVU,1,rail_215south,,,,
,,,,,,,,,
Espil,Euvis Transfer,railEUV,railWVJ,1,rail_108west,,,,
Espil,Euvis Transfer,railEUV,railESP,1,rail_108east,,,,
,,,,,,,,,
Espil,Sanders Station,railESP,railEUV,1,rail_108west,,,,
Espil,Sanders Station,railESP,railAPX,1,rail_108east,,,,
Espil,Sanders Station,railESP,busESP,10,walk,,,,
,,,,,,,,,
Ezzo City,,railEZO,railVVS,1,rail_2north,,,,
Ezzo City,,railEZO,railKNX,1,rail_2south,,,,
,,,,,,,,,
New Terra,,railTER,railBTS,1,mcr_506west,,,,
New Terra,,railTER,railWYN,1,mcr_506east,,,,
,,,,,,,,,
Filipowice,,railFLP,railSHK,1,rail_6west,,,,
Filipowice,,railFLP,railBEC,1,rail_6east,,,,
Filipowice,,railFLP,busFLP,10,walk,,,,
,,,,,,,,,
Foresne,Liveray,railFLV,railSLN,1,rail_8east,,,,
,,,,,,,,,
Formosa,Northern,railFMN,railKNT,1,rail_2north,rail_2Xnorth,,,
Formosa,Northern,railFMN,railCOA,1,rail_2south,,,,
Formosa,Northern,railFMN,railDAN,1,rail_2Xsouth,,,,
Formosa,Northern,railFMN,railCWE,1,rail_2Xsouth,,,,
Formosa,Northern,railFMN,railCWW,1,rail_303east,,,,
Formosa,Northern,railFMN,busFMN,10,walk,,,,
,,,,,,,,,
Fort Chipewyan,,railFCP,railTIT,1,rail_105west,,,,
Fort Chipewyan,,railFCP,railNYM,1,rail_105east,,,,
,,,,,,,,,
Fort Yaxier,Central,railFYC,railZQT,1,rail_206west,,,,
Fort Yaxier,Central,railFYC,busFYC,10,walk,,,,
,,,,,,,,,
Fortaleza,,railFTL,railSTR,1,rail_107west,,,,
Fortaleza,,railFTL,railFSH,1,rail_107east,,,,
Fortaleza,,railFTL,sailFTL,30,walk,,,,
,,,,,,,,,
Freedon,Phos City District,railPHO,railNBT,1,rail_5north,,,,
Freedon,Phos City District,railPHO,railSXG,1,rail_5south,,,,
Freedon,Phos City District,railPHO,railFTH,1,rail_208north,,,,
Freedon,Phos City District,railPHO,railIZU,1,rail_208south,,,,
,,,,,,,,,
Freedon,Quartzwood Regional Airfield,railFQR,railFSI,1,rail_208north,,,,
Freedon,Quartzwood Regional Airfield,railFQR,railFTH,1,rail_208south,,,,
Freedon,Quartzwood Regional Airfield,railFQR,airFQR,30,walk,,,,
Freedon,Quartzwood Regional Airfield,railFQR,busFQR,10,walk,,,,
,,,,,,,,,
Freedon,Silverwood International Airport,railFSI,railFQR,1,rail_208south,,,,
Freedon,Silverwood International Airport,railFSI,airFSI,30,walk,,,,
,,,,,,,,,
Freedon,Town Hall,railFTH,railFQR,1,rail_208north,,,,
Freedon,Town Hall,railFTH,railPHO,1,rail_208south,,,,
,,,,,,,,,
Freshney,,railFSH,railFTL,1,rail_107west,,,,
Freshney,,railFSH,railWSH,1,rail_107east,,,,
,,,,,,,,,
Fulton,,railFUL,railSLN,1,rail_8west,,,,
Fulton,,railFUL,railDND,1,rail_8east,,,,
,,,,,,,,,
Funnyland,,railFUN,railUPG,1,rail_6west,,,,
Funnyland,,railFUN,railSVO,1,rail_6east,,,,
,,,,,,,,,
Gemstride,,railGEM,railPNW,1,mcr_501west,,,,
Gemstride,,railGEM,railDFM,1,mcr_501east,,,,
Gemstride,,railGEM,airGSM,30,walk,,,,
,,,,,,,,,
Geneva Bay,Hendon Road,railGNV,railWNS,1,rail_210Enorth,,,,
Geneva Bay,Hendon Road,railGNV,railGBE,1,rail_210Esouth,,,,
,,,,,,,,,
Geneva Bay-Shadowpoint,New Indigo International Airport,railGBE,railGNV,1,rail_210Enorth,,,,
Geneva Bay-Shadowpoint,New Indigo International Airport,railGBE,railSCU,1,rail_210Esouth,,,,
Geneva Bay-Shadowpoint,New Indigo International Airport,railGBE,airGBE,30,walk,,,,
,,,,,,,,,
Grayzen,Central,railGZC,railGZF,1,rail_306north,,,,
Grayzen,Central,railGZC,railGZA,1,rail_306south,,,,
Grayzen,Central,railGZC,busGZB,1,walk,,,,
,,,,,,,,,
Grayzen,Financial District,railGZF,railGZC,1,rail_306south,,,,
,,,,,,,,,
Grayzen,National Airport,railGZA,railWLB,1,rail_207north,,,,
Grayzen,National Airport,railGZA,railCCW,1,rail_207south,,,,
Grayzen,National Airport,railGZA,railGZC,1,rail_306north,,,,
Grayzen,National Airport,railGZA,airGZA,30,walk,,,,
Grayzen,National Airport,railGZA,busGZA,10,walk,,,,
,,,,,,,,,
Greenfields,,railGNF,railWDF,1,rail_5north,,,,
Greenfields,,railGNF,railJAI,1,rail_5south,,,,
,,,,,,,,,
Grisville,,railGRS,railEND,1,rail_9north,rail_9Xnorth,,,
Grisville,,railGRS,busGRS,10,walk,,,,
,,,,,,,,,
Halberd Bay,,railHAL,railJEB,1,rail_2north,,,,
Halberd Bay,,railHAL,railMOR,1,rail_2south,,,,
,,,,,,,,,
Haskaa,,railHSK,railBRD,1,rail_305north,,,,
,,,,,,,,,
Heights City,,railHGT,railQUI,1,rail_4north,,,,
Heights City,,railHGT,railBVC,1,rail_4south,,,,
,,,,,,,,,
Hendon,Harrow Road,railHEN,railHWM,1,rail_210Wnorth,,,,
Hendon,Harrow Road,railHEN,railSCU,1,rail_210Wsouth,,,,
Hendon,Harrow Road,railHEN,busHEN,10,walk,,,,
,,,,,,,,,
Hendon,Wembley Stadium,railHWM,railCSK,1,rail_210Wnorth,,,,
Hendon,Wembley Stadium,railHWM,railHEN,1,rail_210Wsouth,,,,
,,,,,,,,,
Hytown,Union,railHYT,railSNO,1,rail_214west,,,,
Hytown,Union,railHYT,railMWK,1,rail_214east,,,,
,,,,,,,,,
Icelake,,railICL,railSKO,1,rail_214west,,,,
Icelake,,railICL,railBOR,1,rail_214east,,,,
,,,,,,,,,
Ilirea,Airport Station,railIXM,railMMC,1,rail_2north,,,,
Ilirea,Airport Station,railIXM,railITC,1,rail_2south,rail_2Xsouth,rail_107Xeast,,
Ilirea,Airport Station,railIXM,railMOR,1,rail_2Xnorth,rail_107Xwest,,,
Ilirea,Airport Station,railIXM,airIXM,30,walk,,,,
,,,,,,,,,
Ilirea,Transit Center,railITC,railIXM,1,rail_2north,rail_2Xnorth,rail_107Xwest,,
Ilirea,Transit Center,railITC,railVVS,1,rail_2south,rail_2Xsouth,rail_107Xeast,,
Ilirea,Transit Center,railITC,airITC,30,walk,,,,
Ilirea,Transit Center,railITC,busILR,10,walk,,,,
,,,,,,,,,
Isle of Chez,,railCHZ,railMTH,1,rail_4north,,,,
Isle of Chez,,railCHZ,railZQN,1,rail_4south,,,,
,,,,,,,,,
Itomori,West,railITW,railPXT,1,rail_103north,,,,
Itomori,West,railITW,railVEN,1,rail_103south,,,,
Itomori,West,railITW,busITW,10,walk,,,,
,,,,,,,,,
Izumo,,railIZU,railPHO,1,rail_208north,,,,
Izumo,,railIZU,railSXG,1,rail_208south,,,,
,,,,,,,,,
Jaikrunda,,railJAI,railGNF,1,rail_5north,,,,
Jaikrunda,,railJAI,railNBC,1,rail_5south,,,,
,,,,,,,,,
Jeb,,railJEB,railMOL,1,rail_2north,,,,
Jeb,,railJEB,railHAL,1,rail_2south,,,,
,,,,,,,,,
Jungleville,,railJUN,railBWK,1,rail_9north,,,,
Jungleville,,railJUN,railCHS,1,rail_9south,,,,
,,,,,,,,,
Kaleville,,railKLE,railBWK,1,rail_10Xwest,,,,
Kaleville,,railKLE,railNAS,1,rail_10Xeast,,,,
,,,,,,,,,
Kaloro City,Central,railKCC,railKSP,1,rail_1Xsouth,rail_6east,,,
Kaloro City,Central,railKCC,railRFG,1,rail_217west,,,,
,,,,,,,,,
Kaloro City,Sports Park,railKSP,railKCC,1,rail_1Xnorth,rail_6west,,,
Kaloro City,Sports Park,railKSP,railNGN,1,rail_1Xsouth,,,,
Kaloro City,Sports Park,railKSP,railBSE,1,rail_6east,,,,
,,,,,,,,,
Kanterlyn,,railKAN,railCHN,1,mcr_501west,,,,
Kanterlyn,,railKAN,railTRE,1,mcr_501east,,,,
,,,,,,,,,
Kenthurst,Aerodrome,railKNT,railKNX,1,rail_2north,rail_2Xnorth,,,
Kenthurst,Aerodrome,railKNT,railFMN,1,rail_2south,rail_2Xsouth,,,
Kenthurst,Aerodrome,railKNT,airKNT,30,walk,,,,
Kenthurst,Aerodrome,railKNT,busKNT,10,walk,,,,
,,,,,,,,,
Kenthurst,Xenonite,railKNX,railEZO,1,rail_2north,,,,
Kenthurst,Xenonite,railKNX,railKNT,1,rail_2south,rail_2Xsouth,,,
Kenthurst,Xenonite,railKNX,railVVS,1,rail_2Xnorth,,,,
Kenthurst,Xenonite,railKNX,busKNX,10,walk,,,,
,,,,,,,,,
Kevtopolis,,railKEV,railCNW,1,rail_9north,,,,
Kevtopolis,,railKEV,railUPW,1,rail_9south,,,,
,,,,,,,,,
Kolpino,City Airport,railKPC,railKLP,1,rail_205west,,,,
Kolpino,City Airport,railKPC,railAFK,1,rail_205east,,,,
Kolpino,City Airport,railKPC,airKPC,30,walk,,,,
Kolpino,City Airport,railKPC,busKPC,10,walk,,,,
,,,,,,,,,
Kolpino,Lubov Avenue,railKLP,railKPC,1,rail_205east,,,,
Kolpino,Lubov Avenue,railKLP,busKLP,10,walk,,,,
,,,,,,,,,
Konawa-Lanark,Horizon National Airport,railHZN,railLAN,1,rail_1north,rail_1Xnorth,rail_3Xsouth,,
Konawa-Lanark,Horizon National Airport,railHZN,railLHT,1,rail_1south,rail_1Xsouth,,,
Konawa-Lanark,Horizon National Airport,railHZN,railWTU,1,rail_3Xnorth,,,,
Konawa-Lanark,Horizon National Airport,railHZN,airHZN,30,walk,,,,
Konawa-Lanark,Horizon National Airport,railHZN,busHZN,10,walk,,,,
,,,,,,,,,
Kwai Tin,,railKWI,railSAI,1,rail_3north,,,,
Kwai Tin,,railKWI,railSNO,1,rail_3south,,,,
Kwai Tin,,railKWI,busKWI,10,walk,,,,
,,,,,,,,,
Laarbroek,,railLRB,railSND,1,rail_3north,,,,
Laarbroek,,railLRB,railACD,1,rail_3south,,,,
,,,,,,,,,
Laclede,Airport Plaza,railLHT,railHZN,1,rail_1north,rail_1Xnorth,,,
Laclede,Airport Plaza,railLHT,railLAC,1,rail_1south,rail_1Xsouth,rail_202east,,
Laclede,Airport Plaza,railLHT,railAMC,1,rail_202Awest,,,,
Laclede,Airport Plaza,railLHT,railAMW,1,rail_202west,,,,
Laclede,Airport Plaza,railLHT,airLHT,30,walk,,,,
Laclede,Airport Plaza,railLHT,busLHT,10,walk,,,,
,,,,,,,,,
Laclede,Central,railLAC,railLHT,1,rail_1north,rail_1Xnorth,rail_202west,rail_202Awest,
Laclede,Central,railLAC,railCRS,1,rail_1south,,,,
Laclede,Central,railLAC,railCOR,1,rail_1Xsouth,,,,
Laclede,Central,railLAC,railLTH,1,rail_202east,,,,
Laclede,Central,railLAC,busLAC,10,walk,,,,
,,,,,,,,,
Laclede,Theater District - Xavier Airport,railLTH,railLAC,1,rail_202west,rail_202Awest,,,
Laclede,Theater District - Xavier Airport,railLTH,railCAP,1,rail_202east,,,,
Laclede,Theater District - Xavier Airport,railLTH,sailLCL,30,walk,,,,
Laclede,Theater District - Xavier Airport,railLTH,busLCL,10,walk,,,,
,,,,,,,,,
Lakeview,University Transit Centre,railLKE,railSXG,1,rail_106west,mcr_505west,,,
Lakeview,University Transit Centre,railLKE,railMRB,1,rail_106east,,,,
Lakeview,University Transit Centre,railLKE,railMLH,1,mcr_505east,,,,
Lakeview,University Transit Centre,railLKE,busLKE,10,walk,,,,
,,,,,,,,,
Lanark,Central,railLAN,railBLV,1,rail_1north,,,,
Lanark,Central,railLAN,railHZN,1,rail_1south,rail_1Xsouth,rail_3Xnorth,,
Lanark,Central,railLAN,railBVC,1,rail_1Xnorth,,,,
Lanark,Central,railLAN,railPNE,1,rail_203north,,,,
Lanark,Central,railLAN,airLIH,30,walk,,,,
Lanark,Central,railLAN,airLNK,30,walk,,,,
Lanark,Central,railLAN,busLNK,10,walk,,,,
,,,,,,,,,
Langley Heath,,railLNG,railNYM,1,rail_5north,,,,
Langley Heath,,railLNG,railWDF,1,rail_5south,,,,
,,,,,,,,,
Lapis Bay,Expo East Airport,railLBX,railAUR,1,rail_10west,,,,
Lapis Bay,Expo East Airport,railLBX,railLAP,1,rail_10east,rail_10Xeast,,,
Lapis Bay,Expo East Airport,railLBX,railLAF,1,rail_10Xwest,,,,
Lapis Bay,Expo East Airport,railLBX,airLBX,30,walk,,,,
Lapis Bay,Expo East Airport,railLBX,busLBX,10,walk,,,,
,,,,,,,,,
Lapis Bay,Venessa Bay,railLAP,railLBX,1,rail_10west,rail_10Xwest,,,
Lapis Bay,Venessa Bay,railLAP,railLAZ,1,rail_10east,,,,
Lapis Bay,Venessa Bay,railLAP,railBWK,1,rail_10Xeast,,,,
Lapis Bay,Venessa Bay,railLAP,busLAP,10,walk,,,,
,,,,,,,,,
Larkspur,Beckham Cross Terminal,railLRK,railLAR,1,rail_211south,rail_214west,,,
Larkspur,Beckham Cross Terminal,railLRK,railSNO,1,rail_214east,,,,
Larkspur,Beckham Cross Terminal,railLRK,busLRK,10,walk,,,,
,,,,,,,,,
Larkspur,Lilyflower International Airport,railLAR,railLRK,1,rail_211north,rail_214east,,,
Larkspur,Lilyflower International Airport,railLAR,railWLW,1,rail_211south,,,,
Larkspur,Lilyflower International Airport,railLAR,railBOR,1,rail_214west,,,,
Larkspur,Lilyflower International Airport,railLAR,airLAR,30,walk,,,,
Larkspur,Lilyflower International Airport,railLAR,busLAR,10,walk,,,,
,,,,,,,,,
Lawrenceville,,railLAW,railMJT,1,rail_107west,,,,
Lawrenceville,,railLAW,railBEA,1,rail_107east,,,,
Lawrenceville,,railLAW,busLAW,10,walk,,,,
,,,,,,,,,
Lazure,,railLAZ,railLAP,1,rail_10west,,,,
Lazure,,railLAZ,railCHY,1,rail_10east,,,,
,,,,,,,,,
Levittown,East,railLEV,railSOK,1,rail_7north,,,,
Levittown,East,railLEV,railAST,1,rail_7south,,,,
,,,,,,,,,
Lexburg,Union Station,railLEX,railRFG,1,rail_217east,,,,
,,,,,,,,,
Lichtenburg,,railLCH,railAEO,1,rail_8west,,,,
Lichtenburg,,railLCH,railZUC,1,rail_8east,,,,
,,,,,,,,,
Wurst,,railWRS,railASN,1,rail_212north,,,,
Wurst,,railWRS,railUPG,1,rail_212south,,,,
,,,,,,,,,
Lochminehead,Trijunction,railTRI,railMRL,1,rail_106west,,,,
Lochminehead,Trijunction,railTRI,railSYL,1,rail_106east,,,,
,,,,,,,,,
Los Angeles,Florensia Memorial Station,railFLO,railLAF,1,rail_6west,,,,
,,,,,,,,,
Los Angeles-Farwater,Union Station,railLAF,railVLM,1,rail_5north,rail_6west,,,
Los Angeles-Farwater,Union Station,railLAF,railSES,1,rail_5south,,,,
Los Angeles-Farwater,Union Station,railLAF,railNBM,1,rail_5Xnorth,,,,
Los Angeles-Farwater,Union Station,railLAF,railACH,1,rail_5Xsouth,,,,
Los Angeles-Farwater,Union Station,railLAF,railFLO,1,rail_6east,,,,
Los Angeles-Farwater,Union Station,railLAF,railAUR,1,rail_10east,,,,
Los Angeles-Farwater,Union Station,railLAF,railSOL,1,rail_10Xwest,,,,
Los Angeles-Farwater,Union Station,railLAF,railLBX,1,rail_10Xeast,,,,
Los Angeles-Farwater,Union Station,railLAF,airFLC,30,walk,,,,
Los Angeles-Farwater,Union Station,railLAF,busFAR,10,walk,,,,
,,,,,,,,,
Lucerne,,railLUC,railSNW,1,rail_3north,,,,
Lucerne,,railLUC,railAMD,1,rail_3south,,,,
,,,,,,,,,
Lumia,National Park,railLUM,railMAN,1,rail_9north,,,,
Lumia,National Park,railLUM,railBWK,1,rail_9south,,,,
Lumia,National Park,railLUM,busLUM,10,walk,,,,
,,,,,,,,,
MRT Marina,,railMMN,railBVC,1,rail_207north,,,,
MRT Marina,,railMMN,railMER,1,rail_207south,rail_307south,,,
MRT Marina,,railMMN,busMNR,10,walk,,,,
,,,,,,,,,
Mallison,,railMAL,railDLF,1,mcr_502north,,,,
Mallison,,railMAL,railBDG,1,mcr_502south,mcr_503south,,,
Mallison,,railMAL,railDLN,1,mcr_503north,,,,
,,,,,,,,,
Manhasset,,railMAN,railRBG,1,rail_9north,,,,
Manhasset,,railMAN,railLUM,1,rail_9south,,,,
,,,,,,,,,
Marblegate,Centraal,railMRB,railLKE,1,rail_106west,,,,
Marblegate,Centraal,railMRB,busMRB,10,walk,,,,
,,,,,,,,,
Marblegate-Lakeview,Heathrow Airport,railMLH,railLKE,1,mcr_505west,,,,
Marblegate-Lakeview,Heathrow Airport,railMLH,airMLH,30,walk,,,,
Marblegate-Lakeview,Heathrow Airport,railMLH,busMLH,10,walk,,,,
,,,,,,,,,
Mason City,International Airport,railMCI,railMAS,1,rail_4north,rail_4Xnorth,,,
Mason City,International Airport,railMCI,railNHD,1,rail_4south,,,,
Mason City,International Airport,railMCI,railORI,1,rail_4Xsouth,,,,
Mason City,International Airport,railMCI,airMCI,30,walk,,,,
,,,,,,,,,
Mason City,King Redtie III Station,railMAS,railNPT,1,rail_4north,,,,
Mason City,King Redtie III Station,railMAS,railMCI,1,rail_4south,rail_4Xsouth,,,
Mason City,King Redtie III Station,railMAS,railPHX,1,rail_4Xnorth,,,,
,,,,,,,,,
Matheson,Araya Avenue,railMTH,railDLC,1,rail_2north,,,,
Matheson,Araya Avenue,railMTH,railZQT,1,rail_2south,,,,
Matheson,Araya Avenue,railMTH,railSLZ,1,rail_4north,,,,
Matheson,Araya Avenue,railMTH,railCHZ,1,rail_4south,,,,
Matheson,Araya Avenue,railMTH,busMTH,10,walk,,,,
,,,,,,,,,
Matheson,Lombardo Avenue,railMMR,railSSM,1,mcr_502north,,,,
Matheson,Lombardo Avenue,railMMR,railDLF,1,mcr_502south,,,,
Matheson,Lombardo Avenue,railMMR,busMMR,10,walk,,,,
,,,,,,,,,
MeTromso,,railTRM,railWBG,1,rail_7north,,,,
MeTromso,,railTRM,railROS,1,rail_7south,,,,
MeTromso,,railTRM,busTRM,10,walk,,,,
,,,,,,,,,
Mega Motion City,,railMMC,railSAV,1,rail_2north,,,,
Mega Motion City,,railMMC,railIXM,1,rail_2south,,,,
,,,,,,,,,
Merritt Lakes,,railMRT,railCNW,1,rail_5north,rail_105east,,,
Merritt Lakes,,railMRT,railBRO,1,rail_5south,rail_105west,,,
Merritt Lakes,,railMRT,busMRT,10,walk,,,,
,,,,,,,,,
Metamesa,Central,railMET,railNAS,1,rail_10Xwest,,,,
Metamesa,Central,railMET,railNGT,1,rail_10Xeast,,,,
Metamesa,Central,railMET,busMET,10,walk,,,,
,,,,,,,,,
Miu Sai,,railSAI,railTLB,1,rail_3north,,,,
Miu Sai,,railSAI,railKWI,1,rail_3south,,,,
,,,,,,,,,
Miu Wan,Kau Heung Airport,railMWK,railHYT,1,rail_214west,,,,
Miu Wan,Kau Heung Airport,railMWK,busMWK,10,walk,,,,
,,,,,,,,,
Miu Wan,Tseng Tsz Leng International Airport Terminal 1,railTLA,railACD,1,rail_3north,,,,
Miu Wan,Tseng Tsz Leng International Airport Terminal 1,railTLA,railTLB,1,rail_3south,,,,
Miu Wan,Tseng Tsz Leng International Airport Terminal 1,railTLA,railSND,1,rail_3Xnorth,,,,
Miu Wan,Tseng Tsz Leng International Airport Terminal 1,railTLA,railSNO,1,rail_3Xsouth,,,,
Miu Wan,Tseng Tsz Leng International Airport Terminal 1,railTLA,airMWT1,30,walk,,,,
Miu Wan,Tseng Tsz Leng International Airport Terminal 1,railTLA,busTLA,10,walk,,,,
,,,,,,,,,
Miu Wan,Tseng Tsz Leng International Airport Terminal 2,railTLB,railTLA,1,rail_3north,,,,
Miu Wan,Tseng Tsz Leng International Airport Terminal 2,railTLB,railSAI,1,rail_3south,,,,
Miu Wan,Tseng Tsz Leng International Airport Terminal 2,railTLB,airMWT2,30,walk,,,,
Miu Wan,Tseng Tsz Leng International Airport Terminal 2,railTLB,busTLB,10,walk,,,,
,,,,,,,,,
Mojang Town,Transit Hub,railMJT,railCYP,1,rail_107west,,,,
Mojang Town,Transit Hub,railMJT,railLAW,1,rail_107east,,,,
Mojang Town,Transit Hub,railMJT,railWEM,1,rail_107Xwest,,,,
Mojang Town,Transit Hub,railMJT,railBBC,1,rail_107Xeast,,,,
Mojang Town,Transit Hub,railMJT,airMTA,30,walk,,,,
Mojang Town,Transit Hub,railMJT,busMJT,10,walk,,,,
,,,,,,,,,
Moleville,,railMOL,railNAU,1,rail_2north,,,,
Moleville,,railMOL,railJEB,1,rail_2south,,,,
,,,,,,,,,
Mons Pratus,Transportation Hub,railMON,railCOR,1,rail_1north,,,,
Mons Pratus,Transportation Hub,railMON,railASH,1,rail_1south,,,,
Mons Pratus,Transportation Hub,railMON,railVSH,1,rail_204north,,,,
Mons Pratus,Transportation Hub,railMON,busMON,30,walk,,,,
,,,,,,,,,
Mons Pratus,Vashann,railVSH,railBWJ,1,rail_204north,,,,
Mons Pratus,Vashann,railVSH,railMON,1,rail_204south,,,,
,,,,,,,,,
Montagnas,,railMTG,railSCR,1,rail_106west,,,,
Montagnas,,railMTG,railSXG,1,rail_106east,,,,
,,,,,,,,,
Moramoa,Mixed Martial Arts Airfield,railMMA,railPER,1,rail_6west,,,,
Moramoa,Mixed Martial Arts Airfield,railMMA,railSEU,1,rail_6east,,,,
Moramoa,Mixed Martial Arts Airfield,railMMA,railENS,1,rail_215south,,,,
Moramoa,Mixed Martial Arts Airfield,railMMA,airMMA,30,walk,,,,
,,,,,,,,,
Morihama,,railMOR,railHAL,1,rail_2north,,,,
Morihama,,railMOR,railAUC,1,rail_2south,,,,
Morihama,,railMOR,railSVF,1,rail_2Xnorth,,,,
Morihama,,railMOR,railIXM,1,rail_2Xsouth,rail_107Xeast,,,
Morihama,,railMOR,railBBC,1,rail_107Xwest,,,,
Morihama,,railMOR,sailMOR,30,walk,,,,
,,,,,,,,,
Murrville,Central,railMUR,railVLD,1,rail_7Xnorth,,,,
Murrville,Central,railMUR,railMAX,1,rail_7Xsouth,rail_8east,rail_209east,,
Murrville,Central,railMUR,railSPT,1,rail_8west,,,,
Murrville,Central,railMUR,railCRM,1,rail_209west,,,,
Murrville,Central,railMUR,busMUR,10,walk,,,,
,,,,,,,,,
Murrville-Arcadia,International Airport,railMAX,railMUR,1,rail_7Xnorth,rail_8west,rail_209west,,
Murrville-Arcadia,International Airport,railMAX,railSSI,1,rail_7Xsouth,,,,
Murrville-Arcadia,International Airport,railMAX,railARC,1,rail_8east,rail_209east,,,
Murrville-Arcadia,International Airport,railMAX,airMAX,30,walk,,,,
Murrville-Arcadia,International Airport,railMAX,busMAX,10,walk,,,,
,,,,,,,,,
Musique,Bayview Avenue,railMUS,railCOA,1,rail_2north,,,,
Musique,Bayview Avenue,railMUS,railAFK,1,rail_2south,rail_108east,,,
Musique,Bayview Avenue,railMUS,railAPX,1,rail_108west,,,,
Musique,Bayview Avenue,railMUS,railMSM,1,mcr_506west,,,,
Musique,Bayview Avenue,railMUS,railUTP,1,mcr_506east,,,,
Musique,Bayview Avenue,railMUS,busMUS,10,walk,,,,
,,,,,,,,,
Musique,Spruce Mountain,railMSM,railWYN,1,mcr_506west,,,,
Musique,Spruce Mountain,railMSM,railMUS,1,mcr_506east,,,,
,,,,,,,,,
Nauvis,,railNAU,railSVF,1,rail_2north,,,,
Nauvis,,railNAU,railMOL,1,rail_2south,,,,
,,,,,,,,,
Nekomura,Central,railNEK,railCHN,1,mcr_509north,,,,
Nekomura,Central,railNEK,railTEM,1,mcr_509south,,,,
Nekomura,Central,railNEK,busNEK,10,walk,,,,
,,,,,,,,,
New Acreadium,Central District,railNAC,railPIL,1,rail_4north,rail_6west,,,
New Acreadium,Central District,railNAC,railSIA,1,rail_4south,rail_6east,,,
,,,,,,,,,
New Acreadium,Schiphol Airport,railSIA,railCFA,1,rail_1Xnorth,rail_4Xnorth,,,
New Acreadium,Schiphol Airport,railSIA,railNIP,1,rail_1Xsouth,rail_4Xsouth,,,
New Acreadium,Schiphol Airport,railSIA,railNAC,1,rail_4north,rail_6west,,,
New Acreadium,Schiphol Airport,railSIA,railANT,1,rail_4south,rail_6east,,,
New Acreadium,Schiphol Airport,railSIA,airSIA,30,walk,,,,
New Acreadium,Schiphol Airport,railSIA,busSIA,10,walk,,,,
,,,,,,,,,
New Ashmore,,railNAS,railKLE,1,rail_10Xwest,,,,
New Ashmore,,railNAS,railMET,1,rail_10Xeast,,,,
,,,,,,,,,
New Bakersville City,Bay Parkway,railNBB,railNBM,1,rail_5north,rail_6west,,,
New Bakersville City,Bay Parkway,railNBB,railPEA,1,rail_5south,rail_6east,,,
,,,,,,,,,
New Bakersville City,Midtown Railway Station,railNBM,railNBC,1,rail_5north,rail_6west,,,
New Bakersville City,Midtown Railway Station,railNBM,railNBB,1,rail_5south,rail_6east,,,
New Bakersville City,Midtown Railway Station,railNBM,railNYM,1,rail_5Xnorth,,,,
New Bakersville City,Midtown Railway Station,railNBM,railLAF,1,rail_5Xsouth,,,,
New Bakersville City,Midtown Railway Station,railNBM,busNBM,10,walk,,,,
,,,,,,,,,
New Bakersville City,North,railNBC,railJAI,1,rail_5north,,,,
New Bakersville City,North,railNBC,railNBM,1,rail_5south,rail_6east,,,
New Bakersville City,North,railNBC,railTIT,1,rail_6west,,,,
New Bakersville City,North,railNBC,airNBC,30,walk,,,,
New Bakersville City,North,railNBC,busNBC,10,walk,,,,
,,,,,,,,,
New Bark Town,,railNBT,railNSS,1,rail_5north,,,,
New Bark Town,,railNBT,railPHO,1,rail_5south,,,,
,,,,,,,,,
New Beginnings,Bus Terminal,railNBU,railMCR,1,mcr_502north,,,,
New Beginnings,Bus Terminal,railNBU,railSSM,1,mcr_502south,,,,
New Beginnings,Bus Terminal,railNBU,busNBU,10,walk,,,,
,,,,,,,,,
New Beginnings,North,railNBN,railRYL,1,mcr_505west,,,,
New Beginnings,North,railNBN,railNKT,1,mcr_505east,,,,
New Beginnings,North,railNBN,busNBN,10,walk,,,,
,,,,,,,,,
New Gensokyo,Hakurei Shrine,railNGN,railKSP,1,rail_1Xnorth,,,,
New Gensokyo,Hakurei Shrine,railNGN,railNGY,1,rail_1Xsouth,rail_6east,,,
New Gensokyo,Hakurei Shrine,railNGN,railSVO,1,rail_6west,,,,
,,,,,,,,,
New Gensokyo,Regional Airport,railNGY,railNGN,1,rail_1Xnorth,rail_6west,,,
New Gensokyo,Regional Airport,railNGY,railRNK,1,rail_1Xsouth,,,,
New Gensokyo,Regional Airport,railNGY,railSHK,1,rail_6east,,,,
New Gensokyo,Regional Airport,railNGY,airNGY,30,walk,,,,
,,,,,,,,,
New Phoenix,,railPHX,railBEN,1,rail_4north,,,,
New Phoenix,,railPHX,railSPS,1,rail_4south,rail_210Wnorth,rail_210Enorth,,
New Phoenix,,railPHX,railBVC,1,rail_4Xnorth,,,,
New Phoenix,,railPHX,railMAS,1,rail_4Xsouth,,,,
,,,,,,,,,
New Stone City,Intermodal Hub,railNSC,railNSV,1,mcr_504north,,,,
New Stone City,Intermodal Hub,railNSC,railRCJ,1,mcr_504south,,,,
New Stone City,Intermodal Hub,railNSC,sailNSC,30,walk,,,,
,,,,,,,,,
New Stone City,V43,railNSV,railALX,1,mcr_504north,,,,
New Stone City,V43,railNSV,railNSC,1,mcr_504south,,,,
,,,,,,,,,
Newport-on-Tay,,railNPT,railSPS,1,rail_4north,,,,
Newport-on-Tay,,railNPT,railMAS,1,rail_4south,,,,
,,,,,,,,,
Nightingale,,railNGT,railMET,1,rail_10Xwest,,,,
Nightingale,,railNGT,railPMO,1,rail_10Xeast,,,,
,,,,,,,,,
Nippia,,railNIP,railSIA,1,rail_1Xnorth,rail_4Xnorth,,,
Nippia,,railNIP,railBVC,1,rail_1Xsouth,rail_4Xsouth,,,
Nippia,,railNIP,railTAK,1,rail_4north,,,,
Nippia,,railNIP,railQUI,1,rail_4south,,,,
Nippia,,railNIP,railCRP,1,rail_105east,,,,
Nippia,,railNIP,busNIP,10,walk,,,,
,,,,,,,,,
Niwen,Train Station,railNIW,railBEC,1,rail_6west,,,,
Niwen,Train Station,railNIW,railRIS,1,rail_6east,,,,
,,,,,,,,,
North Haven,Downtown,railNHD,railMCI,1,rail_4north,,,,
North Haven,Downtown,railNHD,railNHR,1,rail_4south,,,,
North Haven,Downtown,railNHD,busNHD,10,walk,,,,
,,,,,,,,,
North Haven,Riverside Airfield,railNHR,railNHD,1,rail_4north,,,,
North Haven,Riverside Airfield,railNHR,railORI,1,rail_4south,,,,
North Haven,Riverside Airfield,railNHR,airNHR,30,walk,,,,
North Haven,Riverside Airfield,railNHR,busNHR,10,walk,,,,
,,,,,,,,,
Northberg,South Station,railNSS,railACC,1,rail_5north,,,,
Northberg,South Station,railNSS,railNBT,1,rail_5south,,,,
Northberg,South Station,railNSS,railACH,1,rail_5Xnorth,,,,
Northberg,South Station,railNSS,railCOV,1,rail_5Xsouth,,,,
,,,,,,,,,
Northlend,Union Station,railNLD,railBRX,1,rail_6west,,,,
Northlend,Union Station,railNLD,railSGV,1,rail_6east,,,,
,,,,,,,,,
Nymphalia,Stellia Station,railNYM,railPAD,1,rail_5north,rail_105east,,,
Nymphalia,Stellia Station,railNYM,railLNG,1,rail_5south,,,,
Nymphalia,Stellia Station,railNYM,railCNW,1,rail_5Xnorth,,,,
Nymphalia,Stellia Station,railNYM,railNBM,1,rail_5Xsouth,,,,
Nymphalia,Stellia Station,railNYM,railFCP,1,rail_105west,,,,
Nymphalia,Stellia Station,railNYM,busNYM,10,walk,,,,
,,,,,,,,,
Oparia,Downtown,railOPD,railOPA,1,rail_4south,rail_4Xsouth,,,
Oparia,Downtown,railOPD,busOPD,10,walk,,,,
,,,,,,,,,
Oparia,LeTourneau International Airport,railOPA,railOPD,1,rail_4north,rail_4Xnorth,,,
Oparia,LeTourneau International Airport,railOPA,railCFA,1,rail_4south,rail_4Xsouth,,,
Oparia,LeTourneau International Airport,railOPA,airOPA,30,walk,,,,
Oparia,LeTourneau International Airport,railOPA,busOPA,30,walk,,,,
,,,,,,,,,
Orange City,Junction,railOCJ,railVAL,1,mcr_501west,,,,
Orange City,Junction,railOCJ,railEEP,1,mcr_501east,,,,
Orange City,Junction,railOCJ,railORG,1,mcr_501Asouth,,,,
,,,,,,,,,
Orange City,Market Street,railORG,railOCJ,1,mcr_501Anorth,,,,
Orange City,Market Street,railORG,busORG,10,walk,,,,
,,,,,,,,,
Padagonia,,railPAD,railBRO,1,rail_5north,rail_105east,,,
Padagonia,,railPAD,railNYM,1,rail_5south,rail_105west,,,
,,,,,,,,,
Paixton,Central,railPXT,railAFK,1,rail_103north,,,,
Paixton,Central,railPXT,railITW,1,rail_103south,,,,
Paixton,Central,railPXT,busPXT,10,walk,,,,
,,,,,,,,,
Palemo,,railPMO,railNGT,1,rail_10Xwest,,,,
Palemo,,railPMO,railUUM,1,rail_10Xeast,,,,
,,,,,,,,,
Palestropol,North,railPAL,railCON,1,mcr_506west,,,,
Palestropol,North,railPAL,railNKT,1,mcr_506east,,,,
Palestropol,North,railPAL,busPLN,10,walk,,,,
,,,,,,,,,
Pasadena,Downtown,railPAS,railWTU,1,rail_3north,,,,
Pasadena,Downtown,railPAS,railHAR,1,rail_3south,,,,
,,,,,,,,,
Pasadena,Harrington,railHAR,railPAS,1,rail_3north,,,,
Pasadena,Harrington,railHAR,railARN,1,rail_3south,,,,
,,,,,,,,,
Peaslake,,railPEA,railNBB,1,rail_5north,rail_6west,,,
Peaslake,,railPEA,railVLM,1,rail_5south,rail_6east,,,
Peaslake,,railPEA,busPEA,10,walk,,,,
,,,,,,,,,
Peripotamia,,railPER,railANT,1,rail_6west,,,,
Peripotamia,,railPER,railMMA,1,rail_6east,,,,
,,,,,,,,,
Pilmont,,railPIL,railCFA,1,rail_4north,rail_6west,,,
Pilmont,,railPIL,railNAC,1,rail_4south,rail_6east,,,
Pilmont,,railPIL,busPIL,10,walk,,,,
,,,,,,,,,
PMW City,Pine Mountain,railPNE,railLAN,1,rail_203south,,,,
PMW City,Pine Mountain,railPNE,busPNE,10,walk,,,,
,,,,,,,,,
Port Newbury,,railPNW,railTRE,1,mcr_501west,,,,
Port Newbury,,railPNW,railGEM,1,mcr_501east,,,,
,,,,,,,,,
Quiris,,railQUI,railNIP,1,rail_4north,,,,
Quiris,,railQUI,railHGT,1,rail_4south,,,,
Quiris,,railQUI,busQUI,10,walk,,,,
,,,,,,,,,
Rank Resort,Central,railRNK,railNGY,1,rail_1Xnorth,,,,
Rank Resort,Central,railRNK,railSGV,1,rail_1Xsouth,,,,
Rank Resort,Central,railRNK,railDOG,1,rail_3south,,,,
Rank Resort,Central,railRNK,railSND,1,rail_3Xsouth,,,,
Rank Resort,Central,railRNK,railRIS,1,rail_6west,,,,
Rank Resort,Central,railRNK,railBRX,1,rail_6east,,,,
,,,,,,,,,
Ravenna,Mountainside International Airport,railRAV,railSEU,1,rail_6west,,,,
Ravenna,Mountainside International Airport,railRAV,railTIT,1,rail_6east,,,,
Ravenna,Mountainside International Airport,railRAV,airRAV,30,walk,,,,
Ravenna,Mountainside International Airport,railRAV,busRAV,10,walk,,,,
,,,,,,,,,
Ravenna,Union Station,railRVU,railANR,1,rail_105west,,,,
Ravenna,Union Station,railRVU,railTIT,1,rail_105east,,,,
Ravenna,Union Station,railRVU,railENS,1,rail_215north,,,,
Ravenna,Union Station,railRVU,busRVU,10,walk,,,,
,,,,,,,,,
Raymont,,railRAY,railADD,1,rail_10west,,,,
Raymont,,railRAY,railBKS,1,rail_10east,,,,
,,,,,,,,,
Redbridge,,railRBG,railUPW,1,rail_9north,,,,
Redbridge,,railRBG,railMAN,1,rail_9south,,,,
,,,,,,,,,
Redwood,,railRDW,railSBC,1,rail_7north,,,,
Redwood,,railRDW,railSVN,1,rail_7south,,,,
Redwood,,railRDW,busRDW,10,walk,,,,
,,,,,,,,,
Refuge,Central Station,railRFG,railLEX,1,rail_217west,,,,
Refuge,Central Station,railRFG,railKCC,1,rail_217east,,,,
Refuge,Central Station,railRFG,busRFG,10,walk,,,,
,,,,,,,,,
Richard's Junction,,railRCJ,railNSC,1,mcr_504north,,,,
Richard's Junction,,railRCJ,railVLD,1,mcr_504south,,,,
Richard's Junction,,railRCJ,sailRCJ,30,walk,,,,
,,,,,,,,,
Risima,,railRIS,railNIW,1,rail_6west,,,,
Risima,,railRIS,railRNK,1,rail_6east,,,,
,,,,,,,,,
Riverpoint,,railRVP,railCHS,1,rail_9north,,,,
Riverpoint,,railRVP,railCAD,1,rail_9south,,,,
,,,,,,,,,
Rochshire,,railRCH,railCCW,1,rail_2Xnorth,,,,
Rochshire,,railRCH,railSIE,1,rail_2Xsouth,,,,
,,,,,,,,,
Rockham,Central,railRHC,railRHN,1,rail_7north,,,,
Rockham,Central,railRHC,railSYD,1,rail_7south,,,,
,,,,,,,,,
Rockham,North,railRHN,railSCR,1,rail_7north,,,,
Rockham,North,railRHN,railRHC,1,rail_7south,,,,
,,,,,,,,,
Rosemary,,railRSE,railBCH,1,rail_2north,,,,
Rosemary,,railRSE,railEAG,1,rail_2south,,,,
,,,,,,,,,
Rosslyn,,railROS,railTRM,1,rail_7north,,,,
Rosslyn,,railROS,railSBC,1,rail_7south,,,,
,,,,,,,,,
Royal Ferry,Downtown,railRFD,railRFN,1,mcr_503north,,,,
Royal Ferry,Downtown,railRFD,railCON,1,mcr_503south,,,,
Royal Ferry,Downtown,railRFD,busRFV,10,walk,,,,
,,,,,,,,,
Royal Ferry,North,railRFN,railCCW,1,mcr_503north,,,,
Royal Ferry,North,railRFN,railRFD,1,mcr_503south,,,,
,,,,,,,,,
Royalston,,railRYL,railSDU,1,mcr_505west,,,,
Royalston,,railRYL,railNBN,1,mcr_505east,,,,
Royalston,,railRYL,busRYM,10,walk,,,,
,,,,,,,,,
Saint Anna,,railANR,railCRP,1,rail_105west,,,,
Saint Anna,,railANR,railRVU,1,rail_105east,,,,
Saint Anna,,railANR,busANR,10,walk,,,,
,,,,,,,,,
Saint Roux,Gare Orsay,railSXG,railPHO,1,rail_5north,,,,
Saint Roux,Gare Orsay,railSXG,railMTG,1,rail_106west,,,,
Saint Roux,Gare Orsay,railSXG,railLKE,1,rail_106east,mcr_505east,,,
Saint Roux,Gare Orsay,railSXG,railIZU,1,rail_208north,,,,
Saint Roux,Gare Orsay,railSXG,railNKT,1,mcr_505west,,,,
Saint Roux,Gare Orsay,railSXG,busSXG,30,walk,,,,
,,,,,,,,,
San Dzobiak,Union Square,railSDU,railSLZ,1,rail_7north,rail_7Xnorth,rail_106west,mcr_505west,
San Dzobiak,Union Square,railSDU,railSCR,1,rail_7south,rail_106east,,,
San Dzobiak,Union Square,railSDU,railAST,1,rail_7Xsouth,,,,
San Dzobiak,Union Square,railSDU,railRYL,1,mcr_505east,,,,
San Dzobiak,Union Square,railSDU,airSDZ,30,walk,,,,
San Dzobiak,Union Square,railSDU,busSDU,10,walk,,,,
,,,,,,,,,
Sand,Central,railSND,railDOG,1,rail_3north,,,,
Sand,Central,railSND,railLRB,1,rail_3south,,,,
Sand,Central,railSND,railRNK,1,rail_3Xnorth,,,,
Sand,Central,railSND,railTLA,1,rail_3Xsouth,,,,
,,,,,,,,,
San Vantino,,railSVN,railRDW,1,rail_7north,,,,
San Vantino,,railSVN,railDND,1,rail_7south,,,,
San Vantino,,railSVN,busSVN,10,walk,,,,
,,,,,,,,,
Savacaci,,railSAV,railASK,1,rail_2north,,,,
Savacaci,,railSAV,railMMC,1,rail_2south,,,,
Savacaci,,railSAV,busSAV,10,walk,,,,
,,,,,,,,,
Savage City,,railSVG,railWLW,1,rail_2north,rail_211north,,,
Savage City,,railSVG,railBCH,1,rail_2south,,,,
Savage City,,railSVG,railVGJ,1,rail_211south,,,,
Savage City,,railSVG,busSVG,10,walk,,,,
,,,,,,,,,
Scarborough,MCR HQ,railMCR,railTHU,1,mcr_502north,,,,
Scarborough,MCR HQ,railMCR,railNBU,1,mcr_502south,,,,
Scarborough,MCR HQ,railMCR,busSBT,10,walk,,,,
,,,,,,,,,
Scarborough,MRT Plaza,railSCR,railSDU,1,rail_7north,rail_106west,,,
Scarborough,MRT Plaza,railSCR,railRHN,1,rail_7south,,,,
Scarborough,MRT Plaza,railSCR,railMTG,1,rail_106east,,,,
Scarborough,MRT Plaza,railSCR,busSCR,10,walk,,,,
,,,,,,,,,
Scarborough,New Kent Terminal,railNKT,railNBN,1,mcr_505west,,,,
Scarborough,New Kent Terminal,railNKT,railSXG,1,mcr_505east,,,,
Scarborough,New Kent Terminal,railNKT,railPAL,1,mcr_506west,,,,
Scarborough,New Kent Terminal,railNKT,busNKT,10,walk,,,,
,,,,,,,,,
Schillerton,Maple Street,railSHM,railWHO,1,rail_103north,,,,
Schillerton,Maple Street,railSHM,railBCJ,1,rail_103south,,,,
Schillerton,Maple Street,railSHM,railEEP,1,mcr_501west,,,,
Schillerton,Maple Street,railSHM,railZQT,1,mcr_501east,,,,
Schillerton,Maple Street,railSHM,busSHD,10,walk,,,,
Schillerton,Maple Street,railSHM,bahnSHD,100,walk,,,,
,,,,,,,,,
Sealane,Central,railSEA,railBTS,1,rail_1north,,,,
Sealane,Central,railSEA,railCWE,1,rail_1south,rail_2Xnorth,,,
Sealane,Central,railSEA,railBTN,1,rail_2Xsouth,,,,
,,,,,,,,,
Sealane,New Forest Terminal,railSNF,railBTN,1,rail_401Xnorth,,,,
,,,,,,,,,
Sealane,Wallowyn,railWYN,railTER,1,mcr_506west,,,,
Sealane,Wallowyn,railWYN,railMSM,1,mcr_506east,,,,
,,,,,,,,,
Segav Sal,,railSGV,railRNK,1,rail_1Xnorth,,,,
Segav Sal,,railSGV,railCFA,1,rail_1Xsouth,,,,
Segav Sal,,railSGV,railNLD,1,rail_6west,,,,
Segav Sal,,railSGV,railWCF,1,rail_6east,,,,
Segav Sal,,railSGV,busSGV,10,walk,,,,
,,,,,,,,,
Segville,Grand Central,railSGC,railSEG,1,rail_302west,,,,
Segville,Grand Central,railSGC,busSGC,10,walk,,,,
,,,,,,,,,
Segville,International Airport,railSEG,railCWE,1,rail_1north,rail_1Xnorth,,,
Segville,International Airport,railSEG,railSLZ,1,rail_1south,,,,
Segville,International Airport,railSEG,railZQT,1,rail_1Xsouth,,,,
Segville,International Airport,railSEG,railUTP,1,rail_108west,,,,
Segville,International Airport,railSEG,railCON,1,rail_108east,,,,
Segville,International Airport,railSEG,railSGC,1,rail_302east,,,,
Segville,International Airport,railSEG,airSEG,30,walk,,,,
,,,,,,,,,
Sesby,Central,railSES,railLAF,1,rail_5north,,,,
Sesby,Central,railSES,railACH,1,rail_5south,,,,
,,,,,,,,,
Seuland,,railSEU,railMMA,1,rail_6west,,,,
Seuland,,railSEU,railRAV,1,rail_6east,,,,
,,,,,,,,,
Shadowpoint,Capitol Union Station,railSCU,railHEN,1,rail_210Wnorth,,,,
Shadowpoint,Capitol Union Station,railSCU,railGBE,1,rail_210Enorth,,,,
Shadowpoint,Capitol Union Station,railSCU,railSOT,1,rail_210Wsouth,rail_210Esouth,,,
,,,,,,,,,
Shadowpoint,Old Town,railSOT,railSCU,1,rail_210Wnorth,rail_210Enorth,,,
Shadowpoint,Old Town,railSOT,railSPS,1,rail_210Wsouth,rail_210Esouth,,,
,,,,,,,,,
Shadowpoint,South,railSPS,railPHX,1,rail_4north,rail_210Wsouth,rail_210Esouth,,
Shadowpoint,South,railSPS,railNPT,1,rail_4south,,,,
Shadowpoint,South,railSPS,railSOT,1,rail_210Wnorth,rail_210Enorth,,,
,,,,,,,,,
Shady Grove,,railSDY,railUTP,1,mcr_506west,,,,
Shady Grove,,railSDY,railCON,1,mcr_506east,,,,
,,,,,,,,,
Shark Town,,railSHK,railNGY,1,rail_6west,,,,
Shark Town,,railSHK,railFLP,1,rail_6east,,,,
,,,,,,,,,
Sienos,,railSIE,railRCH,1,rail_2Xnorth,,,,
Sienos,,railSIE,railATC,1,rail_2Xsouth,,,,
,,,,,,,,,
Siletz,Salvador Station,railSLZ,railSEG,1,rail_1north,,,,
Siletz,Salvador Station,railSLZ,railWDB,1,rail_2Xnorth,,,,
Siletz,Salvador Station,railSLZ,railATC,1,rail_2Xnorth,rail_4Xnorth,rail_5Xnorth,,
Siletz,Salvador Station,railSLZ,railDAB,1,rail_4north,,,,
Siletz,Salvador Station,railSLZ,railMTH,1,rail_4south,,,,
Siletz,Salvador Station,railSLZ,railZQT,1,rail_4Xsouth,,,,
Siletz,Salvador Station,railSLZ,railSDU,1,rail_7south,rail_7Xsouth,rail_106east,mcr_505east,
Siletz,Salvador Station,railSLZ,railSYL,1,rail_106west,,,,
Siletz,Salvador Station,railSLZ,railCON,1,rail_108west,,,,
Siletz,Salvador Station,railSLZ,airSUA,30,walk,,,,
Siletz,Salvador Station,railSLZ,busSLZ,10,walk,,,,
,,,,,,,,,
Skogheim,Central,railSKO,railBOR,1,rail_2south,,,,
Skogheim,Central,railSKO,railICL,1,rail_214east,,,,
Skogheim,Central,railSKO,busSKO,10,walk,,,,
,,,,,,,,,
Snowtopic,Boulevard,railSNW,railSNO,1,rail_3north,rail_3Xnorth,,,
Snowtopic,Boulevard,railSNW,railLUC,1,rail_3south,,,,
Snowtopic,Boulevard,railSNW,railAMD,1,rail_3Xsouth,,,,
Snowtopic,Boulevard,railSNW,busSNW,10,walk,,,,
,,,,,,,,,
Snowtopic,Outskirts,railSNO,railKWI,1,rail_3north,,,,
Snowtopic,Outskirts,railSNO,railTLA,1,rail_3Xnorth,,,,
Snowtopic,Outskirts,railSNO,railSNW,1,rail_3south,rail_3Xsouth,,,
Snowtopic,Outskirts,railSNO,railLRK,1,rail_214west,,,,
Snowtopic,Outskirts,railSNO,railHYT,1,rail_214east,,,,
Snowtopic,Outskirts,railSNO,busSTC,10,walk,,,,
,,,,,,,,,
South Oaksville,,railSOK,railSYD,1,rail_7north,,,,
South Oaksville,,railSOK,railLEV,1,rail_7south,,,,
,,,,,,,,,
South Side,,railSSD,railDNS,1,rail_8west,,,,
South Side,,railSSD,railVIC,1,rail_8east,,,,
,,,,,,,,,
Southburg,Central,railSBC,railROS,1,rail_7north,,,,
Southburg,Central,railSBC,railRDW,1,rail_7south,,,,
Southburg,Central,railSBC,railBCJ,1,rail_7Xnorth,,,,
Southburg,Central,railSBC,railVCP,1,rail_7Xsouth,,,,
,,,,,,,,,
Southlake,,railSLK,railAST,1,rail_7north,rail_102east,,,
Southlake,,railSLK,railKLV,1,rail_7south,rail_102west,,,
,,,,,,,,,
Southland,,railSLN,railFLV,1,rail_8west,,,,
Southland,,railSLN,railFUL,1,rail_8east,,,,
,,,,,,,,,
Southfort,,railSPT,railZUC,1,rail_8west,,,,
Southfort,,railSPT,railMUR,1,rail_8east,,,,
,,,,,,,,,
Southport-sur-mer,,railSSM,railNBU,1,mcr_502north,,,,
Southport-sur-mer,,railSSM,railMMR,1,mcr_502south,,,,
Southport-sur-mer,,railSSM,busSSM,10,walk,,,,
,,,,,,,,,
Spring Valley,Airfield,railSVA,railEAG,1,rail_2north,,,,
Spring Valley,Airfield,railSVA,railSVF,1,rail_2south,,,,
Spring Valley,Airfield,railSVA,airSVA,30,walk,,,,
Spring Valley,Airfield,railSVA,busSVA,10,walk,,,,
,,,,,,,,,
Spring Valley,Fifth Street,railSVF,railSVA,1,rail_2north,,,,
Spring Valley,Fifth Street,railSVF,railNAU,1,rail_2south,,,,
Spring Valley,Fifth Street,railSVF,railWHB,1,rail_2Xnorth,,,,
Spring Valley,Fifth Street,railSVF,railMOR,1,rail_2Xsouth,,,,
Spring Valley,Fifth Street,railSVF,railBBC,1,rail_107west,,,,
Spring Valley,Fifth Street,railSVF,railSTR,1,rail_107east,,,,
Spring Valley,Fifth Street,railSVF,busSVF,10,walk,,,,
,,,,,,,,,
Spruce Neck,,railSNK,railASH,1,rail_1north,,,,
Spruce Neck,,railSNK,railBTN,1,rail_1south,,,,
Spruce Neck,,railSNK,airSNK,30,walk,,,,
,,,,,,,,,
Spruce Plains,,railSPP,railARN,1,rail_3north,,,,
Spruce Plains,,railSPP,railWSH,1,rail_3south,,,,
,,,,,,,,,
Storalisburg,,railSTR,railSVF,1,rail_107west,,,,
Storalisburg,,railSTR,railFTL,1,rail_107east,,,,
Storalisburg,,railSTR,busSTR,10,walk,,,,
,,,,,,,,,
Sunset Pass,,railSSP,railCHY,1,rail_10west,,,,
Sunset Pass,,railSSP,railTAI,1,rail_10east,,,,
Sunset Pass,,railSSP,busSSP,10,walk,,,,
,,,,,,,,,
Sunshine Coast,Cacto Regional Airport,railSSR,railSOC,1,rail_209west,,,,
Sunshine Coast,Cacto Regional Airport,railSSR,airSSR,30,walk,,,,
,,,,,,,,,
Sunshine Coast,Mspalmas International Airport,railSSI,railMAX,1,rail_7Xnorth,,,,
Sunshine Coast,Mspalmas International Airport,railSSI,railSUN,1,rail_7Xsouth,rail_8east,rail_209east,,
Sunshine Coast,Mspalmas International Airport,railSSI,railDNA,1,rail_8west,rail_209west,,,
Sunshine Coast,Mspalmas International Airport,railSSI,airSSI,30,walk,,,,
,,,,,,,,,
Sunshine Coast,Mspalmas Terminal,railSUN,railSSI,1,rail_7Xnorth,rail_8west,rail_209west,,
Sunshine Coast,Mspalmas Terminal,railSUN,railSOC,1,rail_209east,,,,
Sunshine Coast,Mspalmas Terminal,railSUN,busSUN,10,walk,,,,
,,,,,,,,,
Sunshine Coast,Old City Hall,railSOC,railSUN,1,rail_209west,,,,
Sunshine Coast,Old City Hall,railSOC,railSSR,1,rail_209east,,,,
Sunshine Coast,Old City Hall,railSOC,sailSSC,30,walk,,,,
,,,,,,,,,
Svobodny,,railSVO,railFUN,1,rail_6west,,,,
Svobodny,,railSVO,railNGN,1,rail_6east,,,,
,,,,,,,,,
Sweetridge,,railSWE,railBRS,1,rail_6west,,,,
Sweetridge,,railSWE,railUPG,1,rail_6east,,,,
,,,,,,,,,
Sydney,,railSYD,railRHC,1,rail_7north,,,,
Sydney,,railSYD,railSOK,1,rail_7south,,,,
,,,,,,,,,
Sylvania,Union,railSYL,railSLZ,1,rail_106east,,,,
Sylvania,Union,railSYL,railTRI,1,rail_106west,,,,
,,,,,,,,,
Taiga Hills,,railTAI,railSSP,1,rail_10west,,,,
Taiga Hills,,railTAI,railADD,1,rail_10east,,,,
,,,,,,,,,
Takasaki,,railTAK,railSIA,1,rail_4north,,,,
Takasaki,,railTAK,railNIP,1,rail_4south,,,,
,,,,,,,,,
Tembok,Railway Station,railTEM,railNEK,1,mcr_509north,,,,
Tembok,Railway Station,railTEM,busTEM,10,walk,,,,
,,,,,,,,,
Tenko City,,railTEN,railBEA,1,rail_107west,,,,
Tenko City,,railTEN,railBBC,1,rail_107east,,,,
,,,,,,,,,
Thunderbird,,railTHU,railMCR,1,mcr_502south,,,,
,,,,,,,,,
Titsensaki,Ironhill,railTIT,railRVU,1,rail_105west,,,,
Titsensaki,Ironhill,railTIT,railFCP,1,rail_105east,,,,
Titsensaki,Ironhill,railTIT,railRAV,1,rail_6west,,,,
Titsensaki,Ironhill,railTIT,railNBC,1,rail_6east,,,,
Titsensaki,Ironhill,railTIT,busTIT,10,walk,,,,
,,,,,,,,,
Totsworth,Dublin Street,railTOT,railTWJ,1,rail_304north,,,,
,,,,,,,,,
Totsworth,Junction,railTWJ,railDFE,1,rail_101west,,,,
Totsworth,Junction,railTWJ,railBRD,1,rail_101east,,,,
Totsworth,Junction,railTWJ,railTOT,1,rail_304south,,,,
,,,,,,,,,
Tranquil Forest,Central,railTRQ,railWYT,1,rail_102west,,,,
,,,,,,,,,
Trente,,railTRE,railKAN,1,mcr_501west,,,,
Trente,,railTRE,railPNW,1,mcr_501east,,,,
,,,,,,,,,
UCWT International Airport,East,railCWE,railSEA,1,rail_1north,rail_2Xsouth,,,
UCWT International Airport,East,railCWE,railSEG,1,rail_1south,rail_1Xsouth,,,
UCWT International Airport,East,railCWE,railBTN,1,rail_1Xnorth,,,,
UCWT International Airport,East,railCWE,railDAN,1,rail_2Xnorth,,,,
UCWT International Airport,East,railCWE,railFMN,1,rail_2Xnorth,,,,
UCWT International Airport,East,railCWE,airCWI,30,walk,,,,
,,,,,,,,,
UCWT International Airport,West,railCWW,railFMN,1,rail_303west,,,,
UCWT International Airport,West,railCWW,airCWI,30,walk,,,,
,,,,,,,,,
Upington,,railUPG,railSWE,1,rail_6west,,,,
Upington,,railUPG,railFUN,1,rail_6east,,,,
Upington,,railUPG,railWRS,1,rail_212north,,,,
,,,,,,,,,
Upton Ulster,Mensah Central Station,railUUM,railPMO,1,rail_10Xwest,,,,
Upton Ulster,Mensah Central Station,railUUM,railESM,1,rail_10Xeast,rail_213north,,,
Upton Ulster,Mensah Central Station,railUUM,railAIS,1,rail_213south,,,,
,,,,,,,,,
Upwick,,railUPW,railCNW,1,rail_9north,,,,
Upwick,,railUPW,railRBG,1,rail_9south,,,,
,,,,,,,,,
Utopia,Anthony Fokker Transit Hub,railAFK,railMUS,1,rail_2north,rail_108west,,,
Utopia,Anthony Fokker Transit Hub,railAFK,railUTP,1,rail_2south,rail_108east,,,
Utopia,Anthony Fokker Transit Hub,railAFK,railPXT,1,rail_103south,,,,
Utopia,Anthony Fokker Transit Hub,railAFK,railKPC,1,rail_205west,,,,
Utopia,Anthony Fokker Transit Hub,railAFK,airAFK,30,walk,,,,
Utopia,Anthony Fokker Transit Hub,railAFK,busAFK,10,walk,,,,
,,,,,,,,,
Utopia,Plano,railUTP,railAFK,1,rail_2north,rail_108west,,,
Utopia,Plano,railUTP,railDLC,1,rail_2south,,,,
Utopia,Plano,railUTP,railSEG,1,rail_108east,,,,
Utopia,Plano,railUTP,railMUS,1,mcr_506west,,,,
Utopia,Plano,railUTP,railSDY,1,mcr_506east,,,,
Utopia,Plano,railUTP,busUTP,10,walk,,,,
,,,,,,,,,
Valemount,,railVLM,railPEA,1,rail_5north,rail_6west,,,
Valemount,,railVLM,railLAF,1,rail_5south,rail_6east,,,
,,,,,,,,,
Valence,,railVAL,railQUA,1,mcr_501west,,,,
Valence,,railVAL,railOCJ,1,mcr_501east,,,,
,,,,,,,,,
Vegeta,Junction,railVGJ,railSVG,1,rail_211north,,,,
Vegeta,Junction,railVGJ,airVCA,30,walk,,,,
Vegeta,Junction,railVGJ,busVGJ,10,walk,,,,
,,,,,,,,,
Veldberg,SE7,railVLD,railVPR,1,rail_7Xnorth,rail_8west,,,
Veldberg,SE7,railVLD,railMUR,1,rail_7Xsouth,,,,
Veldberg,SE7,railVLD,railCAC,1,rail_8east,,,,
Veldberg,SE7,railVLD,railRCJ,1,mcr_504north,,,,
Veldberg,SE7,railVLD,railVLH,1,mcr_504south,,,,
Veldberg,SE7,railVLD,railVSE,1,mcr_508west,,,,
Veldberg,SE7,railVLD,railCTS,1,mcr_508east,,,,
,,,,,,,,,
Veldberg,Helipad,railVLH,railVLD,1,mcr_504north,,,,
Veldberg,Helipad,railVLH,railVLK,1,mcr_504south,,,,
,,,,,,,,,
Veldberg,Klipberg,railVLK,railVLH,1,mcr_504north,,,,
,,,,,,,,,
Venceslo,Union Station,railVEN,railITW,1,rail_103north,,,,
Venceslo,Union Station,railVEN,railWTS,1,rail_103south,,,,
,,,,,,,,,
Verdantium,Fenwick Square,railVFS,railCNW,1,rail_5south,rail_5Xsouth,rail_9south,rail_9Xsouth,rail_105west
,,,,,,,,,
Vermilion,Victory Square,railVVS,railITC,1,rail_2north,rail_2Xnorth,rail_107Xwest,,
Vermilion,Victory Square,railVVS,railEZO,1,rail_2south,,,,
Vermilion,Victory Square,railVVS,railKNX,1,rail_2Xsouth,,,,
Vermilion,Victory Square,railVVS,busVVS,10,walk,,,,
,,,,,,,,,
Victoria,Coastal Point,railVCP,railSBC,1,rail_7Xnorth,,,,
Victoria,Coastal Point,railVCP,railVIC,1,rail_7Xsouth,,,,
Victoria,Coastal Point,railVCP,sailPEV,30,walk,,,,
Victoria,Coastal Point,railVCP,busVCP,10,walk,,,,
,,,,,,,,,
Victoria,International Airport,railVIC,railVCP,1,rail_7Xnorth,,,,
Victoria,International Airport,railVIC,railVPR,1,rail_7Xsouth,rail_8east,,,
Victoria,International Airport,railVIC,railSSD,1,rail_8west,,,,
Victoria,International Airport,railVIC,airVIC,30,walk,,,,
Victoria,International Airport,railVIC,busVIC,10,walk,,,,
,,,,,,,,,
Victoria,Preston,railVPR,railVIC,1,rail_7Xnorth,rail_8west,,,
Victoria,Preston,railVPR,railVLD,1,rail_7Xsouth,rail_8east,,,
Victoria,Preston,railVPR,busVPR,10,walk,,,,
,,,,,,,,,
Victoria,Southeast,railVSE,railEDW,1,mcr_508west,,,,
Victoria,Southeast,railVSE,railVLD,1,mcr_508east,,,,
,,,,,,,,,
Washingcube,,railWSH,railSPP,1,rail_3north,,,,
Washingcube,,railWSH,railWCD,1,rail_3south,,,,
Washingcube,,railWSH,railFSH,1,rail_107west,,,,
Washingcube,,railWSH,railWHB,1,rail_107east,,,,
Washingcube,,railWSH,busWSH,10,walk,,,,
,,,,,,,,,
Waterville,Armada,railAMD,railLUC,1,rail_3north,,,,
Waterville,Armada,railAMD,railWTD,1,rail_3south,,,,
Waterville,Armada,railAMD,railSNW,1,rail_3Xnorth,,,,
Waterville,Armada,railAMD,railWTU,1,rail_3Xsouth,,,,
Waterville,Armada,railAMD,busAMD,10,walk,,,,
,,,,,,,,,
Waterville,Downtown,railWTD,railAMD,1,rail_3north,,,,
Waterville,Downtown,railWTD,railWTU,1,rail_3south,,,,
,,,,,,,,,
Waterville,Union Station,railWTU,railAMD,1,rail_3Xnorth,,,,
Waterville,Union Station,railWTU,railHZN,1,rail_3Xsouth,,,,
Waterville,Union Station,railWTU,railWTD,1,rail_3north,,,,
Waterville,Union Station,railWTU,railPAS,1,rail_3south,,,,
Waterville,Union Station,railWTU,busWTU,10,walk,,,,
,,,,,,,,,
Waverly,Edinburgh Station,railWAV,railBRD,1,rail_108west,,,,
Waverly,Edinburgh Station,railWAV,railWVJ,1,rail_108east,,,,
Waverly,Edinburgh Station,railWAV,airWAV,30,walk,,,,
Waverly,Edinburgh Station,railWAV,busWAV,10,walk,,,,
,,,,,,,,,
Waverly,Junction,railWVJ,railWAV,1,rail_108west,,,,
Waverly,Junction,railWVJ,railEUV,1,rail_108east,,,,
,,,,,,,,,
West Calbar,Downtown,railWCD,railWSH,1,rail_3north,,,,
West Calbar,Downtown,railWCD,railWHB,1,rail_3south,rail_202west,,,
West Calbar,Downtown,railWCD,railAMW,1,rail_202east,,,,
,,,,,,,,,
Westburg-Central City,Beltway Terminal South,railBTS,railBTN,1,rail_1north,mcr_506west,,,
Westburg-Central City,Beltway Terminal South,railBTS,railSEA,1,rail_1south,,,,
Westburg-Central City,Beltway Terminal South,railBTS,railTER,1,mcr_506east,,,,
Westburg-Central City,Beltway Terminal South,railBTS,busWBB,10,walk,,,,
,,,,,,,,,
Weston,Heliport,railWES,railWEM,1,rail_107west,,,,
Weston,Heliport,railWES,railCYP,1,rail_107east,,,,
,,,,,,,,,
Weston,Main Station,railWEM,railWES,1,rail_107east,,,,
Weston,Main Station,railWEM,railMJT,1,rail_107Xeast,,,,
Weston,Main Station,railWEM,busWEM,10,walk,,,,
,,,,,,,,,
Whitechapel,Border,railWHB,railSVF,1,rail_2Xsouth,,,,
Whitechapel,Border,railWHB,railWCD,1,rail_3north,rail_202east,,,
Whitechapel,Border,railWHB,railWSH,1,rail_107west,,,,
Whitechapel,Border,railWHB,busWHB,10,walk,,,,
,,,,,,,,,
Whitecliff,Central,railWCF,railSGV,1,rail_6west,,,,
Whitecliff,Central,railWCF,railCFA,1,rail_6east,,,,
Whitecliff,Central,railWCF,busWCF,10,walk,,,,
,,,,,,,,,
Whiteley,Olympia-Cacturne Boulevards,railWHO,railBRD,1,rail_101west,,,,
Whiteley,Olympia-Cacturne Boulevards,railWHO,railZQT,1,rail_101east,,,,
Whiteley,Olympia-Cacturne Boulevards,railWHO,railWTS,1,rail_103north,,,,
Whiteley,Olympia-Cacturne Boulevards,railWHO,railSHM,1,rail_103south,,,,
Whiteley,Olympia-Cacturne Boulevards,railWHO,bahnWHO,100,walk,,,,
Whiteley,Olympia-Cacturne Boulevards,railWHO,busWHO,10,walk,,,,
,,,,,,,,,
Whiteley,Turing Square,railWTS,railVEN,1,rail_103north,,,,
Whiteley,Turing Square,railWTS,railWHO,1,rail_103south,,,,
,,,,,,,,,
Williamsburg,,railWLB,railDIG,1,rail_207north,,,,
Williamsburg,,railWLB,railGZA,1,rail_207south,,,,
,,,,,,,,,
Willow,Unrealistic Transport Terminal,railWLW,railBOR,1,rail_2north,,,,
Willow,Unrealistic Transport Terminal,railWLW,railSVG,1,rail_2south,rail_211south,,,
Willow,Unrealistic Transport Terminal,railWLW,railLAR,1,rail_211north,,,,
,,,,,,,,,
Winterberg,,railWBG,railBCJ,1,rail_7north,,,,
Winterberg,,railWBG,railTRM,1,rail_7south,,,,
,,,,,,,,,
Winterside,,railWNS,railHND,1,rail_210Enorth,,,,
Winterside,,railWNS,railGNV,1,rail_210Esouth,,,,
Winterside,,railWNS,busWNS,10,walk,,,,
,,,,,,,,,
Woodford,,railWDF,railLNG,1,rail_5north,,,,
Woodford,,railWDF,railGNF,1,rail_5south,,,,
,,,,,,,,,
Woodsbane,,railWDB,railATC,1,rail_2Xnorth,rail_4north,,,
Woodsbane,,railWDB,railSLZ,1,rail_2Xsouth,,,,
Woodsbane,,railWDB,railDAB,1,rail_4south,,,,
,,,,,,,,,
 ,Transit Hub,railWYT,railAST,1,rail_102west,,,,
Wythern,Transit Hub,railWYT,railTRQ,1,rail_102east,,,,
Wythern,Transit Hub,railWYT,busWYT,10,walk,,,,
,,,,,,,,,
Zaquar,Diamondplex Arena,railZQD,railZQH,1,rail_301north,,,,
Zaquar,Diamondplex Arena,railZQD,railZQW,1,rail_301south,,,,
,,,,,,,,,
Zaquar,Hummingbird Dock,railZQH,railZQN,1,rail_301north,,,,
Zaquar,Hummingbird Dock,railZQH,railZQD,1,rail_301south,,,,
,,,,,,,,,
Zaquar,Mnage et Trois Regional Airport,railZAQ,railZQW,1,rail_301north,,,,
Zaquar,Mnage et Trois Regional Airport,railZAQ,railZQT,1,rail_301south,,,,
Zaquar,Mnage et Trois Regional Airport,railZAQ,airZAQ,30,walk,,,,
Zaquar,Mnage et Trois Regional Airport,railZAQ,busZAQ,10,walk,,,,
Zaquar,Mnage et Trois Regional Airport,railZAQ,bahnZQA,100,walk,,,,
,,,,,,,,,
Zaquar,North,railZQN,railCHZ,1,rail_4north,,,,
Zaquar,North,railZQN,railZQT,1,rail_4south,,,,
Zaquar,North,railZQN,railZQS,1,rail_301north,,,,
Zaquar,North,railZQN,railZQH,1,rail_301south,,,,
Zaquar,North,railZQN,busZQN,10,walk,,,,
,,,,,,,,,
Zaquar,Shores,railZQS,railZQN,1,rail_301south,,,,
,,,,,,,,,
Zaquar,Tanzanite Station,railZQT,railSEG,1,rail_1Xnorth,,,,
Zaquar,Tanzanite Station,railZQT,railMTH,1,rail_2north,,,,
Zaquar,Tanzanite Station,railZQT,railZQN,1,rail_4north,,,,
Zaquar,Tanzanite Station,railZQT,railSLZ,1,rail_4Xnorth,,,,
Zaquar,Tanzanite Station,railZQT,railEBN,1,rail_7north,rail_7Xnorth,rail_102east,,
Zaquar,Tanzanite Station,railZQT,railBSI,1,rail_7south,,,,
Zaquar,Tanzanite Station,railZQT,railBCJ,1,rail_7Xsouth,,,,
Zaquar,Tanzanite Station,railZQT,railWHO,1,rail_101west,,,,
Zaquar,Tanzanite Station,railZQT,railFYC,1,rail_206east,,,,
Zaquar,Tanzanite Station,railZQT,railZAQ,1,rail_301north,,,,
Zaquar,Tanzanite Station,railZQT,railSHM,1,mcr_501west,,,,
Zaquar,Tanzanite Station,railZQT,busZQT,10,walk,,,,
Zaquar,Tanzanite Station,railZQT,bahnZQT,100,walk,,,,
,,,,,,,,,
Zaquar,Winfrey Waterport,railZQW,railZQD,1,rail_301north,,,,
Zaquar,Winfrey Waterport,railZQW,railZAQ,1,rail_301south,,,,
Zaquar,Winfrey Waterport,railZQW,sailZQW,29,walk,,,,
,,,,,,,,,
Zuckerberg,,railZUC,railLCH,1,rail_8west,,,,
Zuckerberg,,railZUC,railSPT,1,rail_8east,,,,