Achowalogen Takachsin,Outer Solarion,busOSL,OSL,bus223north,null,null,,
Achowalogen Takachsin,Outer Solarion,busOSL,OSL,bus223south,null,null,,
,,,,,,,,
Airchester,Central,busACH,ACH,bus8north,null,null,,
Airchester,Central,busACH,ACH,bus8south,null,null,,
Airchester,Central,busACH,ACH,bus223north,null,null,,
Airchester,Central,busACH,ACH,bus223south,null,null,,
Airchester,Central,busACH,ACH,bus396west,null,null,,
Airchester,Central,busACH,ACH,bus396east,null,null,,
,,,,,,,,
Airchester,Epsilon International Airport,busEIA,EIA,bus396west,null,null,,
Airchester,Epsilon International Airport,busEIA,EIA,bus396east,null,null,,
,,,,,,,,
Airchester,Waterport,busAWP,AWP,bus396west,null,null,,
Airchester,Waterport,busAWP,AWP,bus396east,null,null,,
,,,,,,,,
Alexandriasburg,Airfield,busAXB,AXB,bus323north,null,null,,
Alexandriasburg,Airfield,busAXB,AXB,bus323south,null,null,,
,,,,,,,,
Alexandriasburg,Island of Alexandria Port of Call,busAXP,AXP,bus323north,null,null,,
Alexandriasburg,Island of Alexandria Port of Call,busAXP,AXP,bus323south,null,null,,
,,,,,,,,
Alexandriasburg,MCR Station,busALX,ALX,bus323north,null,null,,
Alexandriasburg,MCR Station,busALX,ALX,bus323south,null,null,,
,,,,,,,,
Amestris,Cummins Highway,busAMC,AMC,bus304west,null,null,,
Amestris,Cummins Highway,busAMC,AMC,bus304east,null,null,,
,,,,,,,,
Amestris,Washington Street,busAMW,AMW,bus304west,null,null,,
Amestris,Washington Street,busAMW,AMW,bus304east,null,null,,
,,,,,,,,
Antioch,Regional Airfield,busANA,ANA,bus369north,null,null,,
Antioch,Regional Airfield,busANA,ANA,bus369south,null,null,,
,,,,,,,,
Antioch,Union Station,busANT,ANT,bus4north,null,null,,
Antioch,Union Station,busANT,ANT,bus4south,null,null,,
Antioch,Union Station,busANT,ANT,bus369north,null,null,,
Antioch,Union Station,busANT,ANT,bus369south,null,null,,
Antioch,Union Station,busANT,ANT,bus399west,null,null,,
Antioch,Union Station,busANT,ANT,bus399east,null,null,,
Antioch,Union Station,busANT,ANT,bus400west,null,null,,
Antioch,Union Station,busANT,ANT,bus400east,null,null,,
,,,,,,,,
Antioch-Bay Point,Garvey International Airport,busABG,ABG,bus399west,null,null,,
Antioch-Bay Point,Garvey International Airport,busABG,ABG,bus399east,null,null,,
,,,,,,,,
Aprix,Bayview Avenue,busAPB,APB,bus214west,null,null,,
Aprix,Bayview Avenue,busAPB,APB,bus214east,null,null,,
Aprix,Bayview Avenue,busAPB,APB,bus377north,null,null,,
Aprix,Bayview Avenue,busAPB,APB,bus377south,null,null,,
,,,,,,,,
Aprix,IntraRail Station,busAPX,APX,bus377north,null,null,,
Aprix,IntraRail Station,busAPX,APX,bus377south,null,null,,
,,,,,,,,
Aprix,RaiLinQ Station,busAPQ,APQ,bus377north,null,null,,
Aprix,RaiLinQ Station,busAPQ,APQ,bus377south,null,null,,
,,,,,,,,
Arcadia,Bus Terminal,busABT,ABT,bus222west,null,null,,
Arcadia,Bus Terminal,busABT,ABT,bus222east,null,null,,
Arcadia,Bus Terminal,busABT,ABT,bus385west,null,null,,
Arcadia,Bus Terminal,busABT,ABT,bus385east,null,null,,
,,,,,,,,
Arcadia,Champion's Bowl,busBWL,BWL,bus385west,null,null,,
Arcadia,Champion's Bowl,busBWL,BWL,bus385east,null,null,,
,,,,,,,,
Arcadia,City Hall,busARC,ARC,bus108west,null,null,,
Arcadia,City Hall,busARC,ARC,bus108east,null,null,,
Arcadia,City Hall,busARC,ARC,bus222west,null,null,,
Arcadia,City Hall,busARC,ARC,bus222east,null,null,,
Arcadia,City Hall,busARC,ARC,bus385west,null,null,,
Arcadia,City Hall,busARC,ARC,bus385east,null,null,,
,,,,,,,,
Arcadia,Convention Center,busACV,ACV,bus222west,null,null,,
Arcadia,Convention Center,busACV,ACV,bus222east,null,null,,
,,,,,,,,
Armada,null,busAMD,AMD,bus3west,null,null,,
Armada,null,busAMD,AMD,bus3east,null,null,,
,,,,,,,,
Atami,Ferry Terminal,busATF,ATF,bus105west,null,null,,
Atami,Ferry Terminal,busATF,ATF,bus105east,null,null,,
Atami,Ferry Terminal,busATF,ATF,bus359west,null,null,,
Atami,Ferry Terminal,busATF,ATF,bus359east,null,null,,
,,,,,,,,
Atami,Harbourside Road,busATH,ATH,bus359west,null,null,,
Atami,Harbourside Road,busATH,ATH,bus359east,null,null,,
,,,,,,,,
Atami,Itazuke Airport,busATM,ATM,bus359west,null,null,,
Atami,Itazuke Airport,busATM,ATM,bus359east,null,null,,
Atami,Itazuke Airport,busATM,ATM,bus360west,null,null,,
Atami,Itazuke Airport,busATM,ATM,bus360east,null,null,,
,,,,,,,,
Atami,Ohtago Beach,busATO,ATO,bus359west,null,null,,
Atami,Ohtago Beach,busATO,ATO,bus359east,null,null,,
,,,,,,,,
Atami,World Border,busATB,ATB,bus360west,null,null,,
Atami,World Border,busATB,ATB,bus360east,null,null,,
,,,,,,,,
Avondale,South Transit Hub,busAVN,AVN,bus1west,null,null,,
Avondale,South Transit Hub,busAVN,AVN,bus1east,null,null,,
,,,,,,,,
Babatown,null,busBAB,BAB,bus215west,null,null,,
Babatown,null,busBAB,BAB,bus215east,null,null,,
,,,,,,,,
Bakersville,Bus Terminal / GCT,busGCT,GCT,bus208north,null,null,,
Bakersville,Bus Terminal / GCT,busGCT,GCT,bus208south,null,null,,
,,,,,,,,
Bakersville,City Hall / Penn,busBCY,BCY,bus208north,null,null,,
Bakersville,City Hall / Penn,busBCY,BCY,bus208south,null,null,,
,,,,,,,,
Bakersville,South Ferry Terminal,busBSF,BSF,bus208north,null,null,,
Bakersville,South Ferry Terminal,busBSF,BSF,bus208south,null,null,,
,,,,,,,,
Bawktown,Brick Street,busBWK,BWK,bus337north,null,null,,
Bawktown,Brick Street,busBWK,BWK,bus337south,null,null,,
,,,,,,,,
Bawktown,Main Street,busBKM,BKM,bus337north,null,null,,
Bawktown,Main Street,busBKM,BKM,bus337south,null,null,,
,,,,,,,,
Bawktown,North,busBKN,BKN,bus337north,null,null,,
Bawktown,North,busBKN,BKN,bus337south,null,null,,
,,,,,,,,
Bay Point,Ferry Terminal,busBAY,BAY,bus400west,null,null,,
Bay Point,Ferry Terminal,busBAY,BAY,bus400east,null,null,,
,,,,,,,,
Beach City,null,busBCH,BCH,bus6north,null,null,,
Beach City,null,busBCH,BCH,bus6south,null,null,,
,,,,,,,,
Bean City,null,busBEA,BEA,bus103west,null,null,,
Bean City,null,busBEA,BEA,bus103east,null,null,,
,,,,,,,,
Berkeley,MacArthur & Cerrito,busBKL,BKL,bus101west,null,null,,
Berkeley,MacArthur & Cerrito,busBKL,BKL,bus101east,null,null,,
,,,,,,,,
BirchView,Central,busBVC,BVC,bus3west,IntraBus Terminal,Bay 3,,
BirchView,Central,busBVC,BVC,bus3east,IntraBus Terminal,Bay 2,,
BirchView,Central,busBVC,BVC,bus4north,IntraBus Terminal,Bay 4,,
BirchView,Central,busBVC,BVC,bus4south,IntraBus Terminal,Bay 5,,
BirchView,Central,busBVC,BVC,bus210north,IntraBus Terminal,Bay 6,,
BirchView,Central,busBVC,BVC,bus210south,IntraBus Terminal,Bay 6,,
BirchView,Central,busBVC,BVC,bus336north,IntraBus Terminal,Bay 1,,
BirchView,Central,busBVC,BVC,bus336south,IntraBus Terminal,Bay 1,,
,,,,,,,,
BirchView,Leydon International Airport,busBVL,BVL,bus336north,null,null,,
BirchView,Leydon International Airport,busBVL,BVL,bus336south,null,null,,
,,,,,,,,
Blackberry City,Intercity Bus Station,busBBB,BBB,bus355west,null,null,,
Blackberry City,Intercity Bus Station,busBBB,BBB,bus355east,null,null,,
,,,,,,,,
Blackberry City,Main Street,busBBC,BBC,bus103west,null,null,,
Blackberry City,Main Street,busBBC,BBC,bus103east,null,null,,
Blackberry City,Main Street,busBBC,BBC,bus355west,null,null,,
Blackberry City,Main Street,busBBC,BBC,bus355east,null,null,,
,,,,,,,,
Blackberry City,Regional Airport,busBLK,BLK,bus355west,null,null,,
Blackberry City,Regional Airport,busBLK,BLK,bus355east,null,null,,
,,,,,,,,
Blackfriars,Bus Terminal,busBLF,BLF,bus106north,null,null,,
Blackfriars,Bus Terminal,busBLF,BLF,bus106south,null,null,,
,,,,,,,,
Blackfriars,Verrado Ferry Terminal,busBKF,BKF,bus106north,Platform B2,null,,
Blackfriars,Verrado Ferry Terminal,busBKF,BKF,bus106south,Platform B2,null,,
,,,,,,,,
Boston,Bus Terminal,busBOS,BOS,bus6north,Gate A1,null,,
Boston,Bus Terminal,busBOS,BOS,bus6south,Gate A3,null,,
Boston,Bus Terminal,busBOS,BOS,bus7west,Gate A5,null,,
Boston,Bus Terminal,busBOS,BOS,bus7east,Gate A7,null,,
Boston,Bus Terminal,busBOS,BOS,bus8north,Gate A2,null,,
Boston,Bus Terminal,busBOS,BOS,bus8south,Gate A2,null,,
,,,,,,,,
Boston,Clapham Junction,busBCJ,BCJ,bus318north,null,null,,
Boston,Clapham Junction,busBCJ,BCJ,bus318south,null,null,,
,,,,,,,,
Boston,Harbor,busBSH,BSH,bus318north,null,null,,
Boston,Harbor,busBSH,BSH,bus318south,null,null,,
,,,,,,,,
Boston,Stratford International,busBSI,BSI,bus318north,null,null,,
Boston,Stratford International,busBSI,BSI,bus318south,null,null,,
,,,,,,,,
Cactusburg,null,busCTB,CTB,bus109north,null,null,,
Cactusburg,null,busCTB,CTB,bus109south,null,null,,
,,,,,,,,
Calistern,null,busCST,CST,bus213west,null,null,,
Calistern,null,busCST,CST,bus213east,null,null,,
,,,,,,,,
Caravaca,Alcázar de Caravaca,busCRV,CRV,bus101west,null,null,,
Caravaca,Alcázar de Caravaca,busCRV,CRV,bus101east,null,null,,
,,,,,,,,
Caravaca,Juan Carlos I Airport,busCAR,CAR,bus101west,null,null,,
Caravaca,Juan Carlos I Airport,busCAR,CAR,bus101east,null,null,,
,,,,,,,,
Cardinal Bay,null,busCRD,CRD,bus213west,null,null,,
Cardinal Bay,null,busCRD,CRD,bus213east,null,null,,
,,,,,,,,
Central City,Beltway Terminal,busCBT,CBT,bus1west,null,null,,
Central City,Beltway Terminal,busCBT,CBT,bus1east,null,null,,
Central City,Beltway Terminal,busCBT,CBT,bus2north,null,null,,
Central City,Beltway Terminal,busCBT,CBT,bus2south,null,null,,
Central City,Beltway Terminal,busCBT,CBT,bus4north,null,null,,
Central City,Beltway Terminal,busCBT,CBT,bus4south,null,null,,
Central City,Beltway Terminal,busCBT,CBT,bus5west,null,null,,
Central City,Beltway Terminal,busCBT,CBT,bus5east,null,null,,
Central City,Beltway Terminal,busCBT,CBT,bus6north,null,null,,
Central City,Beltway Terminal,busCBT,CBT,bus6south,null,null,,
Central City,Beltway Terminal,busCBT,CBT,bus327west,null,null,,
Central City,Beltway Terminal,busCBT,CBT,bus327east,null,null,,
Central City,Beltway Terminal,busCBT,CBT,bus365north,null,null,,
Central City,Beltway Terminal,busCBT,CBT,bus365south,null,null,,
Central City,Beltway Terminal,busCBT,CBT,bus701north,null,null,,
Central City,Beltway Terminal,busCBT,CBT,bus701south,null,null,,
,,,,,,,,
Central City,MBS Park,busMBS,MBS,bus327west,null,null,,
Central City,MBS Park,busMBS,MBS,bus327east,null,null,,
,,,,,,,,
Central City,United Cities Bus Terminal,busCCU,CCU,bus327west,null,null,,
Central City,United Cities Bus Terminal,busCCU,CCU,bus327east,null,null,,
,,,,,,,,
Chalxior,Beach Narnia17 Airport,busCNN,CNN,bus393north,null,null,,
Chalxior,Beach Narnia17 Airport,busCNN,CNN,bus393south,null,null,,
,,,,,,,,
Chalxior,Femtoprism Airfield,busCFA,CFA,bus4north,null,null,,
Chalxior,Femtoprism Airfield,busCFA,CFA,bus4south,null,null,,
Chalxior,Femtoprism Airfield,busCFA,CFA,bus370west,null,null,,
Chalxior,Femtoprism Airfield,busCFA,CFA,bus370east,null,null,,
Chalxior,Femtoprism Airfield,busCFA,CFA,bus393north,null,null,,
Chalxior,Femtoprism Airfield,busCFA,CFA,bus393south,null,null,,
,,,,,,,,
Chalxior,Western Docks,busCWD,CWD,bus370west,null,null,,
Chalxior,Western Docks,busCWD,CWD,bus370east,null,null,,
,,,,,,,,
Chicagoland,null,busCHG,CHG,bus7west,null,null,,
Chicagoland,null,busCHG,CHG,bus7east,null,null,,
,,,,,,,,
Chan Bay,Beach Boulevard,busCBB,CBB,bus375north,null,null,,
Chan Bay,Beach Boulevard,busCBB,CBB,bus375south,null,null,,
,,,,,,,,
Chan Bay,International Airport,busCBI,CBI,bus5west,null,null,,
Chan Bay,International Airport,busCBI,CBI,bus5east,null,null,,
Chan Bay,International Airport,busCBI,CBI,bus374north,null,null,,
Chan Bay,International Airport,busCBI,CBI,bus374south,null,null,,
Chan Bay,International Airport,busCBI,CBI,bus375north,null,null,,
Chan Bay,International Airport,busCBI,CBI,bus375south,null,null,,
,,,,,,,,
Chan Bay,Keppel Terminal,busCBK,CBK,bus374north,null,null,,
Chan Bay,Keppel Terminal,busCBK,CBK,bus374south,null,null,,
,,,,,,,,
Chan Bay,MCR Station,busCHN,CHN,bus374north,null,null,,
Chan Bay,MCR Station,busCHN,CHN,bus374south,null,null,,
Chan Bay,MCR Station,busCHN,CHN,bus375north,null,null,,
Chan Bay,MCR Station,busCHN,CHN,bus375south,null,null,,
,,,,,,,,
Chan Bay,Municipal Airport,busCHB,CHB,bus374north,null,null,,
Chan Bay,Municipal Airport,busCHB,CHB,bus374south,null,null,,
,,,,,,,,
Chan Bay,Zeta Airport,busCBZ,CBZ,bus374north,null,null,,
Chan Bay,Zeta Airport,busCBZ,CBZ,bus374south,null,null,,
,,,,,,,,
Cornwall,Great Union Terminal,busCNW,CNW,bus3west,null,null,,
Cornwall,Great Union Terminal,busCNW,CNW,bus3east,null,null,,
,,,,,,,,
Crossfern,null,busCSF,CSF,bus3west,null,null,,
Crossfern,null,busCSF,CSF,bus3east,null,null,,
,,,,,,,,
Dabecco,IntraRail Station,busDAB,DAB,bus308west,null,null,,
Dabecco,IntraRail Station,busDAB,DAB,bus308east,null,null,,
,,,,,,,,
Dabecco,Regional Airport,busDBC,DBC,bus308west,null,null,,
Dabecco,Regional Airport,busDBC,DBC,bus308east,null,null,,
,,,,,,,,
Dand,Grand Central,busDND,DND,bus6north,null,null,,
Dand,Grand Central,busDND,DND,bus6south,null,null,,
Dand,Grand Central,busDND,DND,bus225west,null,null,,
Dand,Grand Central,busDND,DND,bus225east,null,null,,
Dand,Grand Central,busDND,DND,bus334north,null,null,,
Dand,Grand Central,busDND,DND,bus334south,null,null,,
,,,,,,,,
Dand,Stoneburg Resort,busDNS,DNS,bus225west,null,null,,
Dand,Stoneburg Resort,busDNS,DNS,bus225east,null,null,,
,,,,,,,,
Dand,Seaport,busDSP,DSP,bus334north,null,null,,
Dand,Seaport,busDSP,DSP,bus334south,null,null,,
,,,,,,,,
Deadbush,Blackwater / WMI,busWMI,WMI,bus351north,null,null,,
Deadbush,Blackwater / WMI,busWMI,WMI,bus351south,null,null,,
,,,,,,,,
Deadbush,Blomburg Bus Terminal,busBLM,BLM,bus389north,null,null,,
Deadbush,Blomburg Bus Terminal,busBLM,BLM,bus389south,null,null,,
,,,,,,,,
Deadbush,Centro,busGHW,GHW,bus350north,null,null,,
Deadbush,Centro,busGHW,GHW,bus350south,null,null,,
Deadbush,Centro,busGHW,GHW,bus351north,null,null,,
Deadbush,Centro,busGHW,GHW,bus351south,null,null,,
Deadbush,Centro,busGHW,GHW,bus404north,null,null,,
Deadbush,Centro,busGHW,GHW,bus404south,null,null,,
,,,,,,,,
Deadbush,Euphorial MCR Station,busDBE,DBE,bus326north,null,null,,
Deadbush,Euphorial MCR Station,busDBE,DBE,bus326south,null,null,,
,,,,,,,,
Deadbush,Heampstead Kings Cross & Heliport,busHMK,HMK,bus350north,null,null,,
Deadbush,Heampstead Kings Cross & Heliport,busHMK,HMK,bus350south,null,null,,
Deadbush,Heampstead Kings Cross & Heliport,busHMK,HMK,bus403west,null,null,,
Deadbush,Heampstead Kings Cross & Heliport,busHMK,HMK,bus403east,null,null,,
,,,,,,,,
Deadbush,Heampstead Waterport,busHMW,HMW,bus350north,null,null,,
Deadbush,Heampstead Waterport,busHMW,HMW,bus350south,null,null,,
Deadbush,Heampstead Waterport,busHMW,HMW,bus403west,null,null,,
Deadbush,Heampstead Waterport,busHMW,HMW,bus403east,null,null,,
,,,,,,,,
Deadbush,International Airport,busDBI,DBI,bus7west,null,null,,
Deadbush,International Airport,busDBI,DBI,bus7east,null,null,,
Deadbush,International Airport,busDBI,DBI,bus389north,null,null,,
Deadbush,International Airport,busDBI,DBI,bus389south,null,null,,
Deadbush,International Airport,busDBI,DBI,bus403west,null,null,,
Deadbush,International Airport,busDBI,DBI,bus403east,null,null,,
,,,,,,,,
Deadbush,Johnston-Euphorial Airport,busDJE,DJE,bus326north,null,null,,
Deadbush,Johnston-Euphorial Airport,busDJE,DJE,bus326south,null,null,,
,,,,,,,,
Deadbush,Karaj Transit Center,busKRJ,KRJ,bus7west,null,null,,
Deadbush,Karaj Transit Center,busKRJ,KRJ,bus7east,null,null,,
Deadbush,Karaj Transit Center,busKRJ,KRJ,bus389north,null,null,,
Deadbush,Karaj Transit Center,busKRJ,KRJ,bus389south,null,null,,
Deadbush,Karaj Transit Center,busKRJ,KRJ,bus404north,null,null,,
Deadbush,Karaj Transit Center,busKRJ,KRJ,bus404south,null,null,,
,,,,,,,,
Deadbush,Nord IntraRail Station,busDBN,DBN,bus350north,null,null,,
Deadbush,Nord IntraRail Station,busDBN,DBN,bus350south,null,null,,
,,,,,,,,
Deadbush,Port of Deadbush,busDBS,DBS,bus351north,null,null,,
Deadbush,Port of Deadbush,busDBS,DBS,bus351south,null,null,,
,,,,,,,,
Deadbush,San Juan,busSJU,SJU,bus389north,null,null,,
Deadbush,San Juan,busSJU,SJU,bus389south,null,null,,
,,,,,,,,
Deadbush,Valletta Desert Airport,busVDA,VDA,bus404north,null,null,,
Deadbush,Valletta Desert Airport,busVDA,VDA,bus404south,null,null,,
,,,,,,,,
Deadbush,Weezerville Bus Terminal,busWEZ,WEZ,bus389north,null,null,,
Deadbush,Weezerville Bus Terminal,busWEZ,WEZ,bus389south,null,null,,
,,,,,,,,
Deadbush-Gemstride,Exchange,busDGX,DGX,bus389north,Bay 7,null,,
Deadbush-Gemstride,Exchange,busDGX,DGX,bus389south,Bay 6,null,,
,,,,,,,,
Dekuville,Harbor Airfield,busDHA,DHA,bus344north,null,null,,
Dekuville,Harbor Airfield,busDHA,DHA,bus344south,null,null,,
,,,,,,,,
Dekuville,IntraSail Dock,busDEK,DEK,bus344north,null,null,,
Dekuville,IntraSail Dock,busDEK,DEK,bus344south,null,null,,
,,,,,,,,
Dwarka,null,busDWK,DWK,bus3west,null,null,,
Dwarka,null,busDWK,DWK,bus3east,null,null,,
,,,,,,,,
Eastbourne,null,busEST,EST,bus1west,null,null,,
Eastbourne,null,busEST,EST,bus1east,null,null,,
,,,,,,,,
Elecna Bay,Enclave Avenue,busENC,ENC,bus205north,null,null,,
Elecna Bay,Enclave Avenue,busENC,ENC,bus205south,null,null,,
,,,,,,,,
Elecna Bay,International Airport,busEBI,EBI,bus205north,null,null,,
Elecna Bay,International Airport,busEBI,EBI,bus205south,null,null,,
,,,,,,,,
Elecna Bay,North,busEBN,EBN,bus205north,null,null,,
Elecna Bay,North,busEBN,EBN,bus205south,null,null,,
,,,,,,,,
Ellerton Fosby,Central,busFOS,FOS,bus1west,Stand 9,null,,
Ellerton Fosby,Central,busFOS,FOS,bus1east,Stand 9,null,,
Ellerton Fosby,Central,busFOS,FOS,bus332west,Stand 10,null,,
Ellerton Fosby,Central,busFOS,FOS,bus332east,Stand 10,null,,
,,,,,,,,
Ellerton Fosby,Coral Airfield,busELF,ELF,bus332west,Stand A,null,,
Ellerton Fosby,Coral Airfield,busELF,ELF,bus332east,Stand A,null,,
,,,,,,,,
Ellerton Fosby,Ferry Port,busEFF,EFF,bus332west,null,null,,
Ellerton Fosby,Ferry Port,busEFF,EFF,bus332east,null,null,,
,,,,,,,,
Ellesume,Central,busELE,ELE,bus223north,null,null,,
Ellesume,Central,busELE,ELE,bus223south,null,null,,
,,,,,,,,
Espil,Cephyl District,busESC,ESC,bus106north,null,null,,
Espil,Cephyl District,busESC,ESC,bus106south,null,null,,
,,,,,,,,
Espil,Eisli Central,busESE,ESE,bus305north,null,null,,
Espil,Eisli Central,busESE,ESE,bus305south,null,null,,
,,,,,,,,
Espil,Eisli Gateway Terminal,busEGT,EGT,bus106north,null,null,,
Espil,Eisli Gateway Terminal,busEGT,EGT,bus106south,null,null,,
Espil,Eisli Gateway Terminal,busEGT,EGT,bus214west,null,null,,
Espil,Eisli Gateway Terminal,busEGT,EGT,bus214east,null,null,,
Espil,Eisli Gateway Terminal,busEGT,EGT,bus305north,null,null,,
Espil,Eisli Gateway Terminal,busEGT,EGT,bus305south,null,null,,
,,,,,,,,
Espil,Ecilidae Airport,busEEA,EEA,bus305north,null,null,,
Espil,Ecilidae Airport,busEEA,EEA,bus305south,null,null,,
,,,,,,,,
Espil,North,busESN,ESN,bus305north,null,null,,
Espil,North,busESN,ESN,bus305south,null,null,,
,,,,,,,,
Espil,Ricola Terminal,busERT,ERT,bus214west,null,null,,
Espil,Ricola Terminal,busERT,ERT,bus214east,null,null,,
,,,,,,,,
Espil,Sanders Station,busESP,ESP,bus305north,null,null,,
Espil,Sanders Station,busESP,ESP,bus305south,null,null,,
,,,,,,,,
Essex,Heliport,busESX,ESX,bus212west,null,null,,
Essex,Heliport,busESX,ESX,bus212east,null,null,,
,,,,,,,,
Farwater,Union Bus Station,busFAR,FAR,bus223north,null,null,Los Angeles-Farwater Union Station,
Farwater,Union Bus Station,busFAR,FAR,bus223south,null,null,Los Angeles-Farwater Union Station,
,,,,,,,,
Felisburg,null,busFEL,FEL,bus105west,null,null,,
Felisburg,null,busFEL,FEL,bus105east,null,null,,
,,,,,,,,
Filipowice,Fryderyk Chopin Regional Airport,busFCE,FCE,bus376north,null,null,,
Filipowice,Fryderyk Chopin Regional Airport,busFCE,FCE,bus376south,null,null,,
,,,,,,,,
Filipowice,IntraRail & BluRail Station,busFLP,FLP,bus376north,null,null,,
Filipowice,IntraRail & BluRail Station,busFLP,FLP,bus376south,null,null,,
,,,,,,,,
Filipowice,Main Bus Station,busFLB,FLB,bus376north,Gate 1,null,,
Filipowice,Main Bus Station,busFLB,FLB,bus376south,Gate 1,null,,
,,,,,,,,
Firewood City,Airport,busFWC,FWC,bus358north,null,null,,
Firewood City,Airport,busFWC,FWC,bus358south,null,null,,
,,,,,,,,
Firewood City,Bus Terminal,busFCB,FCB,bus2north,null,null,,
Firewood City,Bus Terminal,busFCB,FCB,bus2south,null,null,,
Firewood City,Bus Terminal,busFCB,FCB,bus104north,null,null,,
Firewood City,Bus Terminal,busFCB,FCB,bus104south,null,null,,
Firewood City,Bus Terminal,busFCB,FCB,bus358north,null,null,,
Firewood City,Bus Terminal,busFCB,FCB,bus358south,null,null,,
,,,,,,,,
Firewood City,Downtown,busFCD,FCD,bus104north,null,null,,
Firewood City,Downtown,busFCD,FCD,bus104south,null,null,,
Firewood City,Downtown,busFCD,FCD,bus358north,null,null,,
Firewood City,Downtown,busFCD,FCD,bus358south,null,null,,
,,,,,,,,
Formosa,Northern,busFMN,FMN,bus5west,null,null,,
Formosa,Northern,busFMN,FMN,bus5east,null,null,,
,,,,,,,,
Fort Yaxier,Central,busFYC,FYC,bus7west,null,null,,
Fort Yaxier,Central,busFYC,FYC,bus7east,null,null,,
Fort Yaxier,Central,busFYC,FYC,bus8north,null,null,,
Fort Yaxier,Central,busFYC,FYC,bus8south,null,null,,
Fort Yaxier,Central,busFYC,FYC,bus205north,null,null,,
Fort Yaxier,Central,busFYC,FYC,bus205south,null,null,,
,,,,,,,,
Fort Yaxier,International Airport Terminal 1,busFYO,FYO,bus205north,null,null,,
Fort Yaxier,International Airport Terminal 1,busFYO,FYO,bus205south,null,null,,
Fort Yaxier,International Airport Terminal 1,busFYO,FYO,bus221north,null,null,,
Fort Yaxier,International Airport Terminal 1,busFYO,FYO,bus221south,null,null,,
,,,,,,,,
Fort Yaxier,International Airport Terminal 2,busFYT,FYT,bus6north,null,null,,
Fort Yaxier,International Airport Terminal 2,busFYT,FYT,bus6south,null,null,,
Fort Yaxier,International Airport Terminal 2,busFYT,FYT,bus205north,null,null,,
Fort Yaxier,International Airport Terminal 2,busFYT,FYT,bus205south,null,null,,
Fort Yaxier,International Airport Terminal 2,busFYT,FYT,bus221north,null,null,,
Fort Yaxier,International Airport Terminal 2,busFYT,FYT,bus221south,null,null,,
,,,,,,,,
Fort Yaxier,International Airport Terminal 3,busFYH,FYH,bus221north,null,null,,
Fort Yaxier,International Airport Terminal 3,busFYH,FYH,bus221south,null,null,,
,,,,,,,,
Fort Yaxier,International Airport Terminal 4,busFYF,FYF,bus205north,null,null,,
Fort Yaxier,International Airport Terminal 4,busFYF,FYF,bus205south,null,null,,
Fort Yaxier,International Airport Terminal 4,busFYF,FYF,bus221north,null,null,,
Fort Yaxier,International Airport Terminal 4,busFYF,FYF,bus221south,null,null,,
,,,,,,,,
Freedon,Quartzwood Regional Airfield,busFQR,FQR,bus8north,null,null,,
Freedon,Quartzwood Regional Airfield,busFQR,FQR,bus8south,null,null,,
,,,,,,,,
Gillmont,Heliport,busGLH,GLH,bus345north,null,null,,
Gillmont,Heliport,busGLH,GLH,bus345south,null,null,,
,,,,,,,,
Gillmont,Marina,busGLM,GLM,bus345north,null,null,,
Gillmont,Marina,busGLM,GLM,bus345south,null,null,,
,,,,,,,,
Glacierton,Aquarium,busGLQ,GLQ,bus388west,null,null,,
Glacierton,Aquarium,busGLQ,GLQ,bus388east,null,null,,
,,,,,,,,
Glacierton,City Hall,busGLC,GLC,bus109north,null,null,,
Glacierton,City Hall,busGLC,GLC,bus109south,null,null,,
Glacierton,City Hall,busGLC,GLC,bus388west,null,null,,
Glacierton,City Hall,busGLC,GLC,bus388east,null,null,,
,,,,,,,,
Glacierton,Snowland International Airport,busGLA,GLA,bus388west,null,null,,
Glacierton,Snowland International Airport,busGLA,GLA,bus388east,null,null,,
,,,,,,,,
Goodsprings,null,busGSP,GSP,bus217west,null,null,,
Goodsprings,null,busGSP,GSP,bus217east,null,null,,
,,,,,,,,
Greenmount,null,busGNM,GNM,bus6north,null,null,,
Greenmount,null,busGNM,GNM,bus6south,null,null,,
,,,,,,,,
Grisville,IntraRail Station,busGRS,GRS,bus1west,null,null,,
Grisville,IntraRail Station,busGRS,GRS,bus1east,null,null,,
,,,,,,,,
Hallarbor,null,busHLB,HLB,bus3west,null,null,,
Hallarbor,null,busHLB,HLB,bus3east,null,null,,
,,,,,,,,
Hamblin,Municipal Airport,busHAM,HAM,bus384west,null,null,,
Hamblin,Municipal Airport,busHAM,HAM,bus384east,null,null,,
,,,,,,,,
Hamblin,North Savannah Port,busHMB,HMB,bus384west,null,null,,
Hamblin,North Savannah Port,busHMB,HMB,bus384east,null,null,,
,,,,,,,,
Hamblin,Seabeast Hub,busSBS,SBS,bus5west,Light Gray Level,null,,
Hamblin,Seabeast Hub,busSBS,SBS,bus5east,Light Gray Level,null,,
Hamblin,Seabeast Hub,busSBS,SBS,bus384west,Light Gray Level,null,,
Hamblin,Seabeast Hub,busSBS,SBS,bus384east,Light Gray Level,null,,
,,,,,,,,
Hannibal,null,busHAN,HAN,bus1west,null,null,,
Hannibal,null,busHAN,HAN,bus1east,null,null,,
Hannibal,null,busHAN,HAN,bus101west,null,null,,
Hannibal,null,busHAN,HAN,bus101east,null,null,,
,,,,,,,,
Hazenne,Bus Stop,busHAZ,HAZ,bus219north,Bay 1,null,,
Hazenne,Bus Stop,busHAZ,HAZ,bus219south,Bay 1,null,,
,,,,,,,,
Hendon,Harrow Road,busHEN,HEN,bus3west,null,null,,
Hendon,Harrow Road,busHEN,HEN,bus3east,null,null,,
Hendon,Harrow Road,busHEN,HEN,bus353west,null,null,,
Hendon,Harrow Road,busHEN,HEN,bus353east,null,null,,
,,,,,,,,
Hendon,Mainline Bus Station,busHML,HML,bus353west,Bay 10,null,,
Hendon,Mainline Bus Station,busHML,HML,bus353east,Bay 10,null,,
,,,,,,,,
Himiko,Pride Boulevard,busHIM,HIM,bus5west,null,null,,
Himiko,Pride Boulevard,busHIM,HIM,bus5east,null,null,,
,,,,,,,,
Himiko,Transit Center,busHTC,HTC,bus5west,Bay A2,null,,
Himiko,Transit Center,busHTC,HTC,bus5east,Bay A2,null,,
,,,,,,,,
Hythe,null,busHYH,HYH,bus215west,null,null,,
Hythe,null,busHYH,HYH,bus215east,null,null,,
,,,,,,,,
Ilirea,Center & Stadium,busILC,ILC,bus372north,null,null,,
Ilirea,Center & Stadium,busILC,ILC,bus372south,null,null,,
,,,,,,,,
Ilirea,Port of Ilirea,busILP,ILP,bus106north,null,null,,
Ilirea,Port of Ilirea,busILP,ILP,bus106south,null,null,,
Ilirea,Port of Ilirea,busILP,ILP,bus372north,null,null,,
Ilirea,Port of Ilirea,busILP,ILP,bus372south,null,null,,
,,,,,,,,
Ilirea,Rainbow Road / Transit Center,busILR,ILR,bus5west,null,null,,
Ilirea,Rainbow Road / Transit Center,busILR,ILR,bus5east,null,null,,
Ilirea,Rainbow Road / Transit Center,busILR,ILR,bus106north,null,null,,
Ilirea,Rainbow Road / Transit Center,busILR,ILR,bus106south,null,null,,
Ilirea,Rainbow Road / Transit Center,busILR,ILR,bus372north,null,null,,
Ilirea,Rainbow Road / Transit Center,busILR,ILR,bus372south,null,null,,
,,,,,,,,
Itomori,Air and Space Port,busIAS,IAS,bus382north,null,null,,
Itomori,Air and Space Port,busIAS,IAS,bus382south,null,null,,
,,,,,,,,
Itomori,Pride Central,busITP,ITP,bus382north,null,null,,
Itomori,Pride Central,busITP,ITP,bus382south,null,null,,
,,,,,,,,
Itomori,West IntraRail & BluRail Station,busITW,ITW,bus6north,null,null,,
Itomori,West IntraRail & BluRail Station,busITW,ITW,bus6south,null,null,,
Itomori,West IntraRail & BluRail Station,busITW,ITW,bus382north,null,null,,
Itomori,West IntraRail & BluRail Station,busITW,ITW,bus382south,null,null,,
,,,,,,,,
Janghwa City,North Union Station,busJGW,JGW,bus106north,Platform B2,null,,
Janghwa City,North Union Station,busJGW,JGW,bus106south,Platform B1,null,,
,,,,,,,,
Jiggs,null,busJIG,JIG,bus217west,null,null,,
Jiggs,null,busJIG,JIG,bus217east,null,null,,
,,,,,,,,
Kanto,International Airport Terminal 1,busKTO,KTO,bus330north,null,null,,
Kanto,International Airport Terminal 1,busKTO,KTO,bus330south,null,null,,
,,,,,,,,
Kanto,International Airport Terminal 2,busKTT,KTT,bus330north,null,null,,
Kanto,International Airport Terminal 2,busKTT,KTT,bus330south,null,null,,
,,,,,,,,
Kanto,Station,busKTS,KTS,bus1west,null,null,,
Kanto,Station,busKTS,KTS,bus1east,null,null,,
Kanto,Station,busKTS,KTS,bus330north,null,null,,
Kanto,Station,busKTS,KTS,bus330south,null,null,,
,,,,,,,,
Kenthurst,Aerodrome,busKNT,KNT,bus5west,null,null,,
Kenthurst,Aerodrome,busKNT,KNT,bus5east,null,null,,
Kenthurst,Aerodrome,busKNT,KNT,bus207north,null,null,,
Kenthurst,Aerodrome,busKNT,KNT,bus207south,null,null,,
,,,,,,,,
Kenthurst,Port,busKNP,KNP,bus207north,null,null,,
Kenthurst,Port,busKNP,KNP,bus207south,null,null,,
,,,,,,,,
Kenthurst,Xenonite,busKNX,KNX,bus5west,Bus Bay 14,null,,
Kenthurst,Xenonite,busKNX,KNX,bus5east,Bus Bay 13,null,,
Kenthurst,Xenonite,busKNX,KNX,bus207north,Bus Bay 12,null,,
Kenthurst,Xenonite,busKNX,KNX,bus207south,Bus Bay 12,null,,
,,,,,,,,
Kolpino,City Airport,busKPC,KPC,bus107west,null,null,,
Kolpino,City Airport,busKPC,KPC,bus107east,null,null,,
Kolpino,City Airport,busKPC,KPC,bus373west,null,null,,
Kolpino,City Airport,busKPC,KPC,bus373east,null,null,,
,,,,,,,,
Kolpino,Lubov Avenue,busKLP,KLP,bus373west,null,null,,
Kolpino,Lubov Avenue,busKLP,KLP,bus373east,null,null,,
,,,,,,,,
Kolpino,Lubov Theater,busKLU,KLU,bus373west,null,null,,
Kolpino,Lubov Theater,busKLU,KLU,bus373east,null,null,,
,,,,,,,,
Kolpino,Port Chelsea,busKPT,KPT,bus106north,null,null,,
Kolpino,Port Chelsea,busKPT,KPT,bus106south,null,null,,
Kolpino,Port Chelsea,busKPT,KPT,bus107west,null,null,,
Kolpino,Port Chelsea,busKPT,KPT,bus107east,null,null,,
Kolpino,Port Chelsea,busKPT,KPT,bus373west,null,null,,
Kolpino,Port Chelsea,busKPT,KPT,bus373east,null,null,,
,,,,,,,,
Kolpino,RegionalConnect Station,busKRC,KRC,bus373west,null,null,,
Kolpino,RegionalConnect Station,busKRC,KRC,bus373east,null,null,,
,,,,,,,,
Konawa,Lamon Lane,busKNW,KNW,bus3west,null,null,,
Konawa,Lamon Lane,busKNW,KNW,bus3east,null,null,,
,,,,,,,,
Konawa,Main Street,busKON,KON,bus303north,null,null,,
Konawa,Main Street,busKON,KON,bus303south,null,null,,
,,,,,,,,
Kwai Tin,Airfield,busKWT,KWT,bus206west,null,null,,
Kwai Tin,Airfield,busKWT,KWT,bus206east,null,null,,
,,,,,,,,
Kwai Tin,Bus Station,busKWA,KWA,bus206west,Bay 5,null,,
Kwai Tin,Bus Station,busKWA,KWA,bus206east,Bay 6,null,,
,,,,,,,,
Kwai Tin,IntraRail & BluRail Station,busKWI,KWI,bus206west,null,null,,
Kwai Tin,IntraRail & BluRail Station,busKWI,KWI,bus206east,null,null,,
,,,,,,,,
Laclede,Airport Plaza,busLHT,LHT,bus224west,null,null,,
Laclede,Airport Plaza,busLHT,LHT,bus224east,null,null,,
,,,,,,,,
Laclede,Central,busLAC,LAC,bus102north,null,null,,
Laclede,Central,busLAC,LAC,bus102south,null,null,,
Laclede,Central,busLAC,LAC,bus224west,null,null,,
Laclede,Central,busLAC,LAC,bus224east,null,null,,
,,,,,,,,
Laclede,Seneca Canal,busLCL,LCL,bus224west,null,null,,
Laclede,Seneca Canal,busLCL,LCL,bus224east,null,null,,
,,,,,,,,
Lakeview,University Transit Centre,busLKE,LKE,bus1west,null,null,,
Lakeview,University Transit Centre,busLKE,LKE,bus1east,null,null,,
Lakeview,University Transit Centre,busLKE,LKE,bus203north,null,null,,
Lakeview,University Transit Centre,busLKE,LKE,bus203south,null,null,,
,,,,,,,,
Lanark,Boulevard,busLNK,LNK,bus3west,null,null,,
Lanark,Boulevard,busLNK,LNK,bus3east,null,null,,
Lanark,Boulevard,busLNK,LNK,bus102north,null,null,,
Lanark,Boulevard,busLNK,LNK,bus102south,null,null,,
,,,,,,,,
Lanark-Konawa,Horizon National Airport,busHZN,HZN,bus102north,null,null,Lanark,Konawa
Lanark-Konawa,Horizon National Airport,busHZN,HZN,bus102south,null,null,Lanark,Konawa
Lanark-Konawa,Horizon National Airport,busHZN,HZN,bus303north,null,null,Lanark,Konawa
Lanark-Konawa,Horizon National Airport,busHZN,HZN,bus303south,null,null,Lanark,Konawa
,,,,,,,,
Lanatam,Bus Terminal,busLAN,LAN,bus104north,Bay 3,null,,
Lanatam,Bus Terminal,busLAN,LAN,bus104south,Bay 1,null,,
Lanatam,Bus Terminal,busLAN,LAN,bus215west,Bay 7,null,,
Lanatam,Bus Terminal,busLAN,LAN,bus215east,Bay 5,null,,
,,,,,,,,
Lanatam,International Airport,busLNT,LNT,bus215west,null,null,,
Lanatam,International Airport,busLNT,LNT,bus215east,null,null,,
,,,,,,,,
Lanatam,River Park,busLRV,LRV,bus215west,null,null,,
Lanatam,River Park,busLRV,LRV,bus215east,null,null,,
,,,,,,,,
Lanatam,Sylla Street,busLSY,LSY,bus215west,null,null,,
Lanatam,Sylla Street,busLSY,LSY,bus215east,null,null,,
,,,,,,,,
Larkspur,Beckham Cross Terminal,busLRK,LRK,bus2north,null,null,,
Larkspur,Beckham Cross Terminal,busLRK,LRK,bus2south,null,null,,
Larkspur,Beckham Cross Terminal,busLRK,LRK,bus3west,null,null,,
Larkspur,Beckham Cross Terminal,busLRK,LRK,bus3east,null,null,,
,,,,,,,,
Larkspur,Lilyflower International Airport,busLAR,LAR,bus2north,null,null,,
Larkspur,Lilyflower International Airport,busLAR,LAR,bus2south,null,null,,
,,,,,,,,
Lawrenceville,null,busLAW,LAW,bus103west,null,null,,
Lawrenceville,null,busLAW,LAW,bus103east,null,null,,
,,,,,,,,
Liten,RaiLinQ Station,busLIT,LIT,bus310north,null,null,,
Liten,RaiLinQ Station,busLIT,LIT,bus310south,null,null,,
,,,,,,,,
Los Angeles,Venice Avenue,busLOS,LOS,bus223north,null,null,,
Los Angeles,Venice Avenue,busLOS,LOS,bus223south,null,null,,
,,,,,,,,
Lumia,National Park,busLUM,LUM,bus337north,Bay 4,null,,
Lumia,National Park,busLUM,LUM,bus337south,Bay 4,null,,
,,,,,,,,
Marblegate,Centraal,busMRB,MRB,bus203north,null,null,,
Marblegate,Centraal,busMRB,MRB,bus203south,null,null,,
,,,,,,,,
Marblegate-Lakeview,Heathrow Airport,busMLH,MLH,bus203north,null,null,,
Marblegate-Lakeview,Heathrow Airport,busMLH,MLH,bus203south,null,null,,
,,,,,,,,
Marblegate-Lakeview,Heathrow West,busMLW,MLW,bus8north,null,null,,
Marblegate-Lakeview,Heathrow West,busMLW,MLW,bus8south,null,null,,
Marblegate-Lakeview,Heathrow West,busMLW,MLW,bus203north,null,null,,
Marblegate-Lakeview,Heathrow West,busMLW,MLW,bus203south,null,null,,
,,,,,,,,
Matheson,Araya Avenue,busMTH,MTH,bus107west,null,null,,
Matheson,Araya Avenue,busMTH,MTH,bus107east,null,null,,
,,,,,,,,
Matheson,Lombardo Avenue,busMMR,MMR,bus107west,null,null,,
Matheson,Lombardo Avenue,busMMR,MMR,bus107east,null,null,,
,,,,,,,,
Mediville,null,busMED,MED,bus105west,null,null,,
Mediville,null,busMED,MED,bus105east,null,null,,
,,,,,,,,
Merritt Lakes,null,busMRT,MRT,bus3west,null,null,,
Merritt Lakes,null,busMRT,MRT,bus3east,null,null,,
,,,,,,,,
Metamesa,Central,busMET,MET,bus398west,null,null,,
Metamesa,Central,busMET,MET,bus398east,null,null,,
,,,,,,,,
Metamesa,MRT Station,busMMM,MMM,bus398west,null,null,,
Metamesa,MRT Station,busMMM,MMM,bus398east,null,null,,
,,,,,,,,
Metamesa,Port,busMMP,MMP,bus398west,null,null,,
Metamesa,Port,busMMP,MMP,bus398east,null,null,,
,,,,,,,,
MeTromso,IntraRail Station,busTRM,TRM,bus221north,null,null,,
MeTromso,IntraRail Station,busTRM,TRM,bus221south,null,null,,
,,,,,,,,
MeTromso,Monorail & Bus Terminal,busTMB,TMB,bus221north,null,null,,
MeTromso,Monorail & Bus Terminal,busTMB,TMB,bus221south,null,null,,
,,,,,,,,
Miu Wan,Expo,busMWX,MWX,bus335north,null,null,,
Miu Wan,Expo,busMWX,MWX,bus335south,null,null,,
,,,,,,,,
Miu Wan,Ferry Terminal,busMWF,MWF,bus335north,null,null,,
Miu Wan,Ferry Terminal,busMWF,MWF,bus335south,null,null,,
,,,,,,,,
Miu Wan,Kau Heung Airport,busMWK,MWK,bus102north,null,null,,
Miu Wan,Kau Heung Airport,busMWK,MWK,bus102south,null,null,,
Miu Wan,Kau Heung Airport,busMWK,MWK,bus110west,null,null,,
Miu Wan,Kau Heung Airport,busMWK,MWK,bus110east,null,null,,
Miu Wan,Kau Heung Airport,busMWK,MWK,bus335north,null,null,,
Miu Wan,Kau Heung Airport,busMWK,MWK,bus335south,null,null,,
,,,,,,,,
Miu Wan,Lo Sha Airport,busMWL,MWL,bus335north,null,null,,
Miu Wan,Lo Sha Airport,busMWL,MWL,bus335south,null,null,,
,,,,,,,,
Miu Wan,Po Hang Stadium,busMWP,MWP,bus335north,null,null,,
Miu Wan,Po Hang Stadium,busMWP,MWP,bus335south,null,null,,
,,,,,,,,
Miu Wan,Starling Bay,busMWS,MWS,bus335north,null,null,,
Miu Wan,Starling Bay,busMWS,MWS,bus335south,null,null,,
,,,,,,,,
Miu Wan,Tseng Tsz Leng International Airport Terminal 1,busTLA,TLA,bus102north,null,null,TTL,
Miu Wan,Tseng Tsz Leng International Airport Terminal 1,busTLA,TLA,bus102south,null,null,TTL,
Miu Wan,Tseng Tsz Leng International Airport Terminal 1,busTLA,TLA,bus206west,null,null,TTL,
Miu Wan,Tseng Tsz Leng International Airport Terminal 1,busTLA,TLA,bus206eaat,null,null,TTL,
Miu Wan,Tseng Tsz Leng International Airport Terminal 1,busTLA,TLA,bus335north,null,null,TTL,
Miu Wan,Tseng Tsz Leng International Airport Terminal 1,busTLA,TLA,bus335south,null,null,TTL,
,,,,,,,,
Miu Wan,Tseng Tsz Leng International Airport Terminal 2,busTLB,TLB,bus102north,null,null,TTL,
Miu Wan,Tseng Tsz Leng International Airport Terminal 2,busTLB,TLB,bus102south,null,null,TTL,
Miu Wan,Tseng Tsz Leng International Airport Terminal 2,busTLB,TLB,bus206west,null,null,TTL,
Miu Wan,Tseng Tsz Leng International Airport Terminal 2,busTLB,TLB,bus206eaat,null,null,TTL,
,,,,,,,,
Miu Wan,Winter Games Park,busMWG,MWG,bus335north,null,null,,
Miu Wan,Winter Games Park,busMWG,MWG,bus335south,null,null,,
,,,,,,,,
Mojangsburg,IntraSail Dock,busMJB,MJB,bus331north,null,null,,
Mojangsburg,IntraSail Dock,busMJB,MJB,bus331south,null,null,,
,,,,,,,,
Mojangsburg,Suidplein Airfield,busMSA,MSA,bus331north,null,null,,
Mojangsburg,Suidplein Airfield,busMSA,MSA,bus331south,null,null,,
,,,,,,,,
Mojangsburg-Pretoria,Capital Airport,busMPI,MPI,bus1west,null,null,,
Mojangsburg-Pretoria,Capital Airport,busMPI,MPI,bus1east,null,null,,
Mojangsburg-Pretoria,Capital Airport,busMPI,MPI,bus331north,null,null,,
Mojangsburg-Pretoria,Capital Airport,busMPI,MPI,bus331south,null,null,,
,,,,,,,,
Mojang Town,Transit Hub,busMJT,MJT,bus103west,null,null,,
Mojang Town,Transit Hub,busMJT,MJT,bus103east,null,null,,
Mojang Town,Transit Hub,busMJT,MJT,bus104north,null,null,,
Mojang Town,Transit Hub,busMJT,MJT,bus104south,null,null,,
,,,,,,,,
Mons Pratus,Transportation Hub,busMON,MON,bus4north,null,null,,
Mons Pratus,Transportation Hub,busMON,MON,bus4south,null,null,,
,,,,,,,,
Monterey,Bus Hub,busMRY,MRY,bus211north,Bay 5,null,,
Monterey,Bus Hub,busMRY,MRY,bus211south,Bay 5,null,,
,,,,,,,,
MRT Marina,Cruise Terminal,busMNC,MNC,bus339west,null,null,,
MRT Marina,Cruise Terminal,busMNC,MNC,bus339east,null,null,,
,,,,,,,,
MRT Marina,Dry Docks,busMND,MND,bus340west,null,null,,
MRT Marina,Dry Docks,busMND,MND,bus340east,null,null,,
,,,,,,,,
MRT Marina,Ferry Docks,busMNF,MNF,bus339west,null,null,,
MRT Marina,Ferry Docks,busMNF,MNF,bus339east,null,null,,
MRT Marina,Ferry Docks,busMNF,MNF,bus340west,null,null,,
MRT Marina,Ferry Docks,busMNF,MNF,bus340east,null,null,,
,,,,,,,,
MRT Marina,Large Ferries Dock,busMNL,MNL,bus340west,null,null,,
MRT Marina,Large Ferries Dock,busMNL,MNL,bus340east,null,null,,
,,,,,,,,
MRT Marina,Military Port,busMNM,MNM,bus339west,null,null,,
MRT Marina,Military Port,busMNM,MNM,bus339east,null,null,,
,,,,,,,,
MRT Marina,MRT & IntraRail Stations,busMNR,MNR,bus339west,null,null,,
MRT Marina,MRT & IntraRail Stations,busMNR,MNR,bus339east,null,null,,
MRT Marina,MRT & IntraRail Stations,busMNR,MNR,bus340west,null,null,,
MRT Marina,MRT & IntraRail Stations,busMNR,MNR,bus340east,null,null,,
,,,,,,,,
MRT Marina,RaiLinQ Station,busMNQ,MNQ,bus339west,null,null,,
MRT Marina,RaiLinQ Station,busMNQ,MNQ,bus339east,null,null,,
MRT Marina,RaiLinQ Station,busMNQ,MNQ,bus340west,null,null,,
MRT Marina,RaiLinQ Station,busMNQ,MNQ,bus340east,null,null,,
,,,,,,,,
MRT Marina,Seaplane Base,busMNS,MNS,bus339west,null,null,,
MRT Marina,Seaplane Base,busMNS,MNS,bus339east,null,null,,
,,,,,,,,
Murrville,Central,busMUR,MUR,bus108west,null,null,,
Murrville,Central,busMUR,MUR,bus108east,null,null,,
Murrville,Central,busMUR,MUR,bus222west,null,null,,
Murrville,Central,busMUR,MUR,bus222east,null,null,,
,,,,,,,,
Murrville-Arcadia,International Airport,busMAX,MAX,bus108west,null,null,,
Murrville-Arcadia,International Airport,busMAX,MAX,bus108east,null,null,,
Murrville-Arcadia,International Airport,busMAX,MAX,bus222west,null,null,,
Murrville-Arcadia,International Airport,busMAX,MAX,bus222east,null,null,,
,,,,,,,,
Murrville,Waterport,busMRW,MRW,bus222west,null,null,,
Murrville,Waterport,busMRW,MRW,bus222east,null,null,,
,,,,,,,,
Musique,Bayview Avenue,busMUS,MUS,bus214west,null,null,,
Musique,Bayview Avenue,busMUS,MUS,bus214east,null,null,,
,,,,,,,,
Musique,Union Station,busMUU,MUU,bus214west,null,null,,
Musique,Union Station,busMUU,MUU,bus214east,null,null,,
,,,,,,,,
Nekomura,Central,busNEK,NEK,bus5west,null,null,,
Nekomura,Central,busNEK,NEK,bus5east,null,null,,
,,,,,,,,
New Acreadium,Schiphol Airport,busSIA,SIA,bus4north,null,null,,
New Acreadium,Schiphol Airport,busSIA,SIA,bus4south,null,null,,
,,,,,,,,
New Bakersville City,Midtown Railway Station,busNBM,NBM,bus397west,null,null,,
New Bakersville City,Midtown Railway Station,busNBM,NBM,bus397east,null,null,,
,,,,,,,,
New Bakersville City,Union Terminal,busNBK,NBK,bus397west,null,null,,
New Bakersville City,Union Terminal,busNBK,NBK,bus397east,null,null,,
,,,,,,,,
New Bakersville City,World's Fair,busWLF,WLF,bus8north,null,null,,
New Bakersville City,World's Fair,busWLF,WLF,bus8south,null,null,,
New Bakersville City,World's Fair,busWLF,WLF,bus397west,null,null,,
New Bakersville City,World's Fair,busWLF,WLF,bus397east,null,null,,
,,,,,,,,
New Beginnings,Bus Terminal,busNBU,NBU,bus366north,null,null,,
New Beginnings,Bus Terminal,busNBU,NBU,bus366south,null,null,,
,,,,,,,,
New Beginnings,North MCR Station,busNBN,NBN,bus1west,null,null,,
New Beginnings,North MCR Station,busNBN,NBN,bus1east,null,null,,
New Beginnings,North MCR Station,busNBN,NBN,bus366north,null,null,,
New Beginnings,North MCR Station,busNBN,NBN,bus366south,null,null,,
,,,,,,,,
Newbourne,Flinders Street nFLR Station,busNFS,NFS,bus319west,null,null,,
Newbourne,Flinders Street nFLR Station,busNFS,NFS,bus319east,null,null,,
,,,,,,,,
Newbourne,IntraSail Docks,busNWB,NWB,bus319west,null,null,,
Newbourne,IntraSail Docks,busNWB,NWB,bus319east,null,null,,
,,,,,,,,
Newington,Bus Station,busNEW,NEW,bus202west,Stand 5,null,,
Newington,Bus Station,busNEW,NEW,bus202east,Stand 5,null,,
,,,,,,,,
New Mackinaw,null,busMCK,MCK,bus213west,null,null,,
New Mackinaw,null,busMCK,MCK,bus213east,null,null,,
,,,,,,,,
New Prubourne,Acacia Sands Terminal,busACS,ACS,bus217west,Gate 5,null,,
New Prubourne,Acacia Sands Terminal,busACS,ACS,bus217east,Gate 7,null,,
,,,,,,,,
New Prubourne,Halson Terminal,busHAL,HAL,bus381north,null,null,,
New Prubourne,Halson Terminal,busHAL,HAL,bus381south,null,null,,
,,,,,,,,
New Prubourne,Howard-Kenneth International Airport,busHKA,HKA,bus381north,null,null,,
New Prubourne,Howard-Kenneth International Airport,busHKA,HKA,bus381south,null,null,,
,,,,,,,,
New Prubourne,Paul Street,busNPB,NPB,bus217west,null,null,,
New Prubourne,Paul Street,busNPB,NPB,bus217east,null,null,,
New Prubourne,Paul Street,busNPB,NPB,bus381north,null,null,,
New Prubourne,Paul Street,busNPB,NPB,bus381south,null,null,,
,,,,,,,,
New Prubourne,Richmond International Airport,busBED,BED,bus381north,null,null,,
New Prubourne,Richmond International Airport,busBED,BED,bus381south,null,null,,
,,,,,,,,
New Singapore,Port of New Singapore,busNSG,NSG,bus220north,null,null,,
New Singapore,Port of New Singapore,busNSG,NSG,bus220south,null,null,,
,,,,,,,,
New York,null,busNYC,NYC,bus104north,null,null,,
New York,null,busNYC,NYC,bus104south,null,null,,
,,,,,,,,
Nippia,Airside Boulevard,busNPA,NPA,bus4north,null,null,,
Nippia,Airside Boulevard,busNPA,NPA,bus4south,null,null,,
Nippia,Airside Boulevard,busNPA,NPA,bus110west,null,null,,
Nippia,Airside Boulevard,busNPA,NPA,bus110east,null,null,,
Nippia,Airside Boulevard,busNPA,NPA,bus310north,null,null,,
Nippia,Airside Boulevard,busNPA,NPA,bus310south,null,null,,
Nippia,Airside Boulevard,busNPA,NPA,bus311north,null,null,,
Nippia,Airside Boulevard,busNPA,NPA,bus311south,null,null,,
,,,,,,,,
Nippia,IntraRail Station,busNIP,NIP,bus309west,null,null,,
Nippia,IntraRail Station,busNIP,NIP,bus309east,null,null,,
Nippia,IntraRail Station,busNIP,NIP,bus311north,null,null,,
Nippia,IntraRail Station,busNIP,NIP,bus311south,null,null,,
,,,,,,,,
Nippia,Pride Wall,busGAY,GAY,bus110west,null,null,,
Nippia,Pride Wall,busGAY,GAY,bus110east,null,null,,
Nippia,Pride Wall,busGAY,GAY,bus310north,null,null,,
Nippia,Pride Wall,busGAY,GAY,bus310south,null,null,,
Nippia,Pride Wall,busGAY,GAY,bus311north,null,null,,
Nippia,Pride Wall,busGAY,GAY,bus311south,null,null,,
Nippia,Pride Wall,busGAY,GAY,bus701north,null,null,,
Nippia,Pride Wall,busGAY,GAY,bus701south,null,null,,
,,,,,,,,
Nippia-Liten,Metropolitan Airport,busNIL,NIL,bus309west,null,null,Nippia,Liten
Nippia-Liten,Metropolitan Airport,busNIL,NIL,bus309east,null,null,Nippia,Liten
Nippia-Liten,Metropolitan Airport,busNIL,NIL,bus310north,null,null,Nippia,Liten
Nippia-Liten,Metropolitan Airport,busNIL,NIL,bus310south,null,null,Nippia,Liten
,,,,,,,,
Northgate,Bus Terminal,busNTH,NTH,bus1west,null,null,,
Northgate,Bus Terminal,busNTH,NTH,bus1east,null,null,,
Northgate,Bus Terminal,busNTH,NTH,bus204north,null,null,,
Northgate,Bus Terminal,busNTH,NTH,bus204south,null,null,,
,,,,,,,,
Nuuk,Seaport,busNUK,NUK,bus378north,null,null,,
Nuuk,Seaport,busNUK,NUK,bus378south,null,null,,
,,,,,,,,
Nuuk,Town Hall,busNUU,NUU,bus101west,null,null,,
Nuuk,Town Hall,busNUU,NUU,bus101east,null,null,,
Nuuk,Town Hall,busNUU,NUU,bus378north,null,null,,
Nuuk,Town Hall,busNUU,NUU,bus378south,null,null,,
,,,,,,,,
Nuuk-Berkeley,Regional Airport,busYNW,YNW,bus101west,null,null,,
Nuuk-Berkeley,Regional Airport,busYNW,YNW,bus101east,null,null,,
,,,,,,,,
Nymphalia,Stellia Station,busNYM,NYM,bus209north,null,null,,
Nymphalia,Stellia Station,busNYM,NYM,bus209south,null,null,,
,,,,,,,,
Oparia,Downtown,busOPD,OPD,bus212west,null,null,,
Oparia,Downtown,busOPD,OPD,bus212east,null,null,,
,,,,,,,,
Oparia,LeTourneau International Airport,busOPA,OPA,bus4north,null,null,,
Oparia,LeTourneau International Airport,busOPA,OPA,bus4south,null,null,,
Oparia,LeTourneau International Airport,busOPA,OPA,bus212west,null,null,,
Oparia,LeTourneau International Airport,busOPA,OPA,bus212east,null,null,,
Oparia,LeTourneau International Airport,busOPA,OPA,bus213west,null,null,,
Oparia,LeTourneau International Airport,busOPA,OPA,bus213east,null,null,,
,,,,,,,,
Oparia,Seaport,busOPS,OPS,bus4north,null,null,,
Oparia,Seaport,busOPS,OPS,bus4south,null,null,,
,,,,,,,,
Orange City,Ferry Terminal,busOGF,OGF,bus371north,null,null,,
Orange City,Ferry Terminal,busOGF,OGF,bus371south,null,null,,
,,,,,,,,
Orange City,Market Street,busORG,ORG,bus371north,null,null,,
Orange City,Market Street,busORG,ORG,bus371south,null,null,,
,,,,,,,,
Oxeyeburg,null,busOXE,OXE,bus213west,null,null,,
Oxeyeburg,null,busOXE,OXE,bus213east,null,null,,
,,,,,,,,
Paixton,Central,busPXC,PXC,bus401west,null,null,,
Paixton,Central,busPXC,PXC,bus401east,null,null,,
,,,,,,,,
Paixton,Regional Airport,busPAX,PAX,bus401west,null,null,,
Paixton,Regional Airport,busPAX,PAX,bus401east,null,null,,
,,,,,,,,
Palestropol,Bus Station,busPLB,PLB,bus201north,Bay 1,null,,
Palestropol,Bus Station,busPLB,PLB,bus201south,null,null,,
,,,,,,,,
Palestropol,North MCR Station,busPLN,PLN,bus201north,null,null,,
Palestropol,North MCR Station,busPLN,PLN,bus201south,null,null,,
,,,,,,,,
Palestropol-Southport-sur-mer,Polytan International Airport,busPIA,PIA,bus201north,null,null,,
Palestropol-Southport-sur-mer,Polytan International Airport,busPIA,PIA,bus201south,null,null,,
,,,,,,,,
Palo Alto,null,busPLO,PLO,bus6north,null,null,,
Palo Alto,null,busPLO,PLO,bus6south,null,null,,
,,,,,,,,
Parkland,Union Station,busPKL,PKL,bus101west,Bay F8,null,,
Parkland,Union Station,busPKL,PKL,bus101east,Bay F7,null,,
,,,,,,,,
Pilmont,Elizabeth Interchange,busPIL,PIL,bus4north,null,null,,
Pilmont,Elizabeth Interchange,busPIL,PIL,bus4south,null,null,,
,,,,,,,,
Pixl,Bay Terminal,busPIX,PIX,bus324west,null,null,,
Pixl,Bay Terminal,busPIX,PIX,bus324east,null,null,,
,,,,,,,,
Pixl,Clios West Bus Terminal,busPXC,PXC,bus106north,null,null,,
Pixl,Clios West Bus Terminal,busPXC,PXC,bus106south,null,null,,
Pixl,Clios West Bus Terminal,busPXC,PXC,bus324west,null,null,,
Pixl,Clios West Bus Terminal,busPXC,PXC,bus324east,null,null,,
,,,,,,,,
Pixl,Island International Airport,busPXA,PXA,bus324west,Bay 2,null,,
Pixl,Island International Airport,busPXA,PXA,bus324east,Bay 2,null,,
Pixl,Island International Airport,busPXA,PXA,bus325north,Bay 3,null,,
Pixl,Island International Airport,busPXA,PXA,bus325south,Bay 3,null,,
,,,,,,,,
Pixl,Vinayaka City Airfield,busPXL,PXL,bus324west,null,null,,
Pixl,Vinayaka City Airfield,busPXL,PXL,bus324east,null,null,,
,,,,,,,,
PMW City,IntraRail Station,busPNE,PNE,bus110west,null,null,,
PMW City,IntraRail Station,busPNE,PNE,bus110east,null,null,,
,,,,,,,,
PMW City,Otora Flats Heliport,busOFH,OFH,bus110west,null,null,,
PMW City,Otora Flats Heliport,busOFH,OFH,bus110east,null,null,,
PMW City,Otora Flats Heliport,busOFH,OFH,bus394north,null,null,,
PMW City,Otora Flats Heliport,busOFH,OFH,bus394south,null,null,,
,,,,,,,,
PMW City,Pine Mountain Airfield,busPMA,PMA,bus110west,null,null,,
PMW City,Pine Mountain Airfield,busPMA,PMA,bus110east,null,null,,
,,,,,,,,
PMW City,Welsbury Regional Airfield,busWRA,WRA,bus110west,null,null,,
PMW City,Welsbury Regional Airfield,busWRA,WRA,bus110east,null,null,,
,,,,,,,,
Ponton Pier,null,busPON,PON,bus105west,null,null,,
Ponton Pier,null,busPON,PON,bus105east,null,null,,
,,,,,,,,
Port Diamondback,Port,busPDB,PDB,bus217west,null,null,,
Port Diamondback,Port,busPDB,PDB,bus217east,null,null,,
,,,,,,,,
Port Sybil,Airfield,busPSY,PSY,bus392west,null,null,,
Port Sybil,Airfield,busPSY,PSY,bus392east,null,null,,
,,,,,,,,
Port Sybil,Ferry Terminal,busPSF,PSF,bus392west,null,null,,
Port Sybil,Ferry Terminal,busPSF,PSF,bus392east,null,null,,
,,,,,,,,
Port Sybil,Heliport,busPSH,PSH,bus392west,null,null,,
Port Sybil,Heliport,busPSH,PSH,bus392east,null,null,,
,,,,,,,,
Pretoria,National Palace,busPRE,PRE,bus331north,null,null,,
Pretoria,National Palace,busPRE,PRE,bus331south,null,null,,
,,,,,,,,
Prismarine,Bus Terminal,busPSM,PSM,bus101west,null,null,,
Prismarine,Bus Terminal,busPSM,PSM,bus101east,null,null,,
Prismarine,Bus Terminal,busPSM,PSM,bus105west,null,null,,
Prismarine,Bus Terminal,busPSM,PSM,bus105east,null,null,,
Prismarine,Bus Terminal,busPSM,PSM,bus216west,null,null,,
Prismarine,Bus Terminal,busPSM,PSM,bus216east,null,null,,
Prismarine,Bus Terminal,busPSM,PSM,bus352west,null,null,,
Prismarine,Bus Terminal,busPSM,PSM,bus352east,null,null,,
,,,,,,,,
Prismarine,Central,busPSC,PSC,bus352west,null,null,,
Prismarine,Central,busPSC,PSC,bus352east,null,null,,
,,,,,,,,
Prismarine,City Airfield,busPCA,PCA,bus352west,null,null,,
Prismarine,City Airfield,busPCA,PCA,bus352east,null,null,,
,,,,,,,,
Prismarine,West Portal,busPWP,PWP,bus352west,null,null,,
Prismarine,West Portal,busPWP,PWP,bus352east,null,null,,
,,,,,,,,
Quiris,IntraRail Station,busQUI,QUI,bus4north,null,null,,
Quiris,IntraRail Station,busQUI,QUI,bus4south,null,null,,
Quiris,IntraRail Station,busQUI,QUI,bus210north,null,null,,
Quiris,IntraRail Station,busQUI,QUI,bus210south,null,null,,
Quiris,IntraRail Station,busQUI,QUI,bus368west,null,null,,
Quiris,IntraRail Station,busQUI,QUI,bus368east,null,null,,
,,,,,,,,
Quiris,Latent Lancet,busQLL,QLL,bus368west,null,null,,
Quiris,Latent Lancet,busQLL,QLL,bus368east,null,null,,
,,,,,,,,
Quiris,Markovi Theatre,busQMK,QMK,bus368west,null,null,,
Quiris,Markovi Theatre,busQMK,QMK,bus368east,null,null,,
,,,,,,,,
Quiris,Ripine University,busQRU,QRU,bus368west,null,null,,
Quiris,Ripine University,busQRU,QRU,bus368east,null,null,,
,,,,,,,,
Radiance Square,International Airport,busRSQ,RSQ,bus207north,null,null,,
Radiance Square,International Airport,busRSQ,RSQ,bus207south,null,null,,
,,,,,,,,
Radiance Square,MetroCenter,busRAD,RAD,bus2north,null,null,,
Radiance Square,MetroCenter,busRAD,RAD,bus2south,null,null,,
Radiance Square,MetroCenter,busRAD,RAD,bus207north,null,null,,
Radiance Square,MetroCenter,busRAD,RAD,bus207south,null,null,,
,,,,,,,,
Rainer Bay,Central,busRBC,RBC,bus379west,null,null,,
Rainer Bay,Central,busRBC,RBC,bus379east,null,null,,
,,,,,,,,
Rainer Bay,Delta Terminal,busRBD,RBD,bus379west,null,null,,
Rainer Bay,Delta Terminal,busRBD,RBD,bus379east,null,null,,
,,,,,,,,
Rainer Bay,Regional Airfield,busRBR,RBR,bus379west,null,null,,
Rainer Bay,Regional Airfield,busRBR,RBR,bus379east,null,null,,
,,,,,,,,
Rattlerville,Central Airfield,busRVC,RVC,bus217west,null,null,,
Rattlerville,Central Airfield,busRVC,RVC,bus217east,null,null,,
,,,,,,,,
Rattlerville,Kyle Poole Bus Station,busRAT,RAT,bus6north,null,null,,
Rattlerville,Kyle Poole Bus Station,busRAT,RAT,bus6south,null,null,,
Rattlerville,Kyle Poole Bus Station,busRAT,RAT,bus108west,null,null,,
Rattlerville,Kyle Poole Bus Station,busRAT,RAT,bus108east,null,null,,
Rattlerville,Kyle Poole Bus Station,busRAT,RAT,bus217west,null,null,,
Rattlerville,Kyle Poole Bus Station,busRAT,RAT,bus217east,null,null,,
,,,,,,,,
Ravenna,Mountainside International Airport,busRAV,RAV,bus317north,null,null,,
Ravenna,Mountainside International Airport,busRAV,RAV,bus317south,null,null,,
,,,,,,,,
Ravenna,Sports Park,busRSP,RSP,bus317north,null,null,,
Ravenna,Sports Park,busRSP,RSP,bus317south,null,null,,
,,,,,,,,
Ravenna,Union Station,busRVU,RVU,bus3west,null,null,,
Ravenna,Union Station,busRVU,RVU,bus3east,null,null,,
Ravenna,Union Station,busRVU,RVU,bus8north,null,null,,
Ravenna,Union Station,busRVU,RVU,bus8south,null,null,,
Ravenna,Union Station,busRVU,RVU,bus317north,null,null,,
Ravenna,Union Station,busRVU,RVU,bus317south,null,null,,
,,,,,,,,
Redwood,Executive Airport,busRED,RED,bus333north,null,null,,
Redwood,Executive Airport,busRED,RED,bus333south,null,null,,
,,,,,,,,
Redwood,IntraRail Station,busRDW,RDW,bus333north,null,null,,
Redwood,IntraRail Station,busRDW,RDW,bus333south,null,null,,
,,,,,,,,
Redwood,Rosewood Avenue,busRRW,RRW,bus6north,null,null,,
Redwood,Rosewood Avenue,busRRW,RRW,bus6south,null,null,,
Redwood,Rosewood Avenue,busRRW,RRW,bus333north,null,null,,
Redwood,Rosewood Avenue,busRRW,RRW,bus333south,null,null,,
,,,,,,,,
Renaissance,Transfer Station,busREN,REN,bus3west,Bay 1,null,,
Renaissance,Transfer Station,busREN,REN,bus3east,Bay 2,null,,
Renaissance,Transfer Station,busREN,REN,bus209north,Bay 3,null,,
Renaissance,Transfer Station,busREN,REN,bus209south,Bay 3,null,,
,,,,,,,,
Richville,Downtown Bus Terminal,busRCV,RCV,bus204north,null,null,,
Richville,Downtown Bus Terminal,busRCV,RCV,bus204south,null,null,,
Richville,Downtown Bus Terminal,busRCV,RCV,bus329north,null,null,,
Richville,Downtown Bus Terminal,busRCV,RCV,bus329south,null,null,,
Richville,Downtown Bus Terminal,busRCV,RCV,bus361west,null,null,,
Richville,Downtown Bus Terminal,busRCV,RCV,bus361east,null,null,,
,,,,,,,,
Richville,International Airport,busRVA,RVA,bus204north,null,null,,
Richville,International Airport,busRVA,RVA,bus204south,null,null,,
Richville,International Airport,busRVA,RVA,bus329north,null,null,,
Richville,International Airport,busRVA,RVA,bus329south,null,null,,
,,,,,,,,
Richville,Lakeside Boulevard,busRVL,RVL,bus361west,null,null,,
Richville,Lakeside Boulevard,busRVL,RVL,bus361east,null,null,,
,,,,,,,,
Richville,Tom Paris-Richville City Airfield,busTPA,TPA,bus329north,null,null,,
Richville,Tom Paris-Richville City Airfield,busTPA,TPA,bus329south,null,null,,
,,,,,,,,
Rizalburg,Strand Airfield,busRSA,RSA,bus5west,null,null,,
Rizalburg,Strand Airfield,busRSA,RSA,bus5east,null,null,,
Rizalburg,Strand Airfield,busRSA,RSA,bus219north,null,null,,
Rizalburg,Strand Airfield,busRSA,RSA,bus219south,null,null,,
Rizalburg,Strand Airfield,busRSA,RSA,bus220north,null,null,,
Rizalburg,Strand Airfield,busRSA,RSA,bus220south,null,null,,
Rizalburg,Strand Airfield,busRSA,RSA,bus320west,null,null,,
Rizalburg,Strand Airfield,busRSA,RSA,bus320east,null,null,,
,,,,,,,,
Rizalburg,Water Port,busRZW,RZW,bus320west,null,null,,
Rizalburg,Water Port,busRZW,RZW,bus320east,null,null,,
,,,,,,,,
Rosebridge,null,busRSB,RSB,bus7west,null,null,,
Rosebridge,null,busRSB,RSB,bus7east,null,null,,
,,,,,,,,
Rosetown,null,busRST,RST,bus101west,null,null,,
Rosetown,null,busRST,RST,bus101east,null,null,,
,,,,,,,,
Royal Ferry,Victoria,busRFV,RFV,bus1west,Bay 17,null,,
Royal Ferry,Victoria,busRFV,RFV,bus1east,Bay 18,null,,
,,,,,,,,
Royalston,Alberta Street,busRYA,RYA,bus201north,null,null,,
Royalston,Alberta Street,busRYA,RYA,bus201south,null,null,,
,,,,,,,,
Royalston,MCR Station,busRYM,RYM,bus201north,null,null,,
Royalston,MCR Station,busRYM,RYM,bus201south,null,null,,
,,,,,,,,
Saint Anna,IntraRail Station,busANR,ANR,bus367north,null,null,,
Saint Anna,IntraRail Station,busANR,ANR,bus367south,null,null,,
,,,,,,,,
Saint Anna,Mercy General Hospital,busANH,ANH,bus3west,null,null,,
Saint Anna,Mercy General Hospital,busANH,ANH,bus3east,null,null,,
Saint Anna,Mercy General Hospital,busANH,ANH,bus367north,null,null,,
Saint Anna,Mercy General Hospital,busANH,ANH,bus367south,null,null,,
,,,,,,,,
Saint Roux,Charles de Gaulle International Airport,busSRX,SRX,bus328north,null,null,,
Saint Roux,Charles de Gaulle International Airport,busSRX,SRX,bus328south,null,null,,
,,,,,,,,
Saint Roux,Gare Orly,busSXY,SXY,bus1west,null,null,,
Saint Roux,Gare Orly,busSXY,SXY,bus1east,null,null,,
Saint Roux,Gare Orly,busSXY,SXY,bus8north,null,null,,
Saint Roux,Gare Orly,busSXY,SXY,bus8south,null,null,,
Saint Roux,Gare Orly,busSXY,SXY,bus328north,null,null,,
Saint Roux,Gare Orly,busSXY,SXY,bus328south,null,null,,
,,,,,,,,
Saint Roux,Gare Orsay,busSXG,SXG,bus328north,null,null,,
Saint Roux,Gare Orsay,busSXG,SXG,bus328south,null,null,,
,,,,,,,,
Sandfield,Central Bus Terminus,busSFL,SFL,bus6north,null,null,,
Sandfield,Central Bus Terminus,busSFL,SFL,bus6south,null,null,,
Sandfield,Central Bus Terminus,busSFL,SFL,bus108west,null,null,,
Sandfield,Central Bus Terminus,busSFL,SFL,bus108east,null,null,,
,,,,,,,,
San Dzobiak,Union Station,busSDU,SDU,bus107west,null,null,,
San Dzobiak,Union Station,busSDU,SDU,bus107east,null,null,,
,,,,,,,,
San Esteban,null,busSEB,SEB,bus101west,null,null,,
San Esteban,null,busSEB,SEB,bus101east,null,null,,
,,,,,,,,
Sansvikk,Grunderen,busSVK,SVK,bus386west,null,null,,
Sansvikk,Grunderen,busSVK,SVK,bus386east,null,null,,
Sansvikk,Grunderen,busSVK,SVK,bus387north,null,null,,
Sansvikk,Grunderen,busSVK,SVK,bus387south,null,null,,
,,,,,,,,
Sansvikk,IKEA,busIKA,IKA,bus386west,null,null,,
Sansvikk,IKEA,busIKA,IKA,bus386east,null,null,,
,,,,,,,,
Sansvikk,Kamprad Airfield,busSKA,SKA,bus109north,null,null,,
Sansvikk,Kamprad Airfield,busSKA,SKA,bus109south,null,null,,
Sansvikk,Kamprad Airfield,busSKA,SKA,bus386west,null,null,,
Sansvikk,Kamprad Airfield,busSKA,SKA,bus386eaat,null,null,,
Sansvikk,Kamprad Airfield,busSKA,SKA,bus387north,null,null,,
Sansvikk,Kamprad Airfield,busSKA,SKA,bus387south,null,null,,
,,,,,,,,
Sansvikk,Redd Erikson Port,busSNS,SNS,bus387north,null,null,,
Sansvikk,Redd Erikson Port,busSNS,SNS,bus387south,null,null,,
,,,,,,,,
Santa Gloria,null,busSGL,SGL,bus105west,null,null,,
Santa Gloria,null,busSGL,SGL,bus105east,null,null,,
,,,,,,,,
San Vantino,IntraRail Station,busSVN,SVN,bus6north,null,null,,
San Vantino,IntraRail Station,busSVN,SVN,bus6south,null,null,,
San Vantino,IntraRail Station,busSVN,SVN,bus322west,null,null,,
San Vantino,IntraRail Station,busSVN,SVN,bus322east,null,null,,
,,,,,,,,
San Vantino,Marina,busVTM,VTM,bus322west,null,null,,
San Vantino,Marina,busVTM,VTM,bus322east,null,null,,
,,,,,,,,
Savacaci,IntraRail Station,busSAV,SAV,bus218north,null,null,,
Savacaci,IntraRail Station,busSAV,SAV,bus218south,null,null,,
,,,,,,,,
Savacaci,Downtown Street,busSVD,SVD,bus5west,null,null,,
Savacaci,Downtown Street,busSVD,SVD,bus5east,null,null,,
Savacaci,Downtown Street,busSVD,SVD,bus218north,null,null,,
Savacaci,Downtown Street,busSVD,SVD,bus218south,null,null,,
,,,,,,,,
Savage City,null,busSVG,SVG,bus2north,null,null,,
Savage City,null,busSVG,SVG,bus2south,null,null,,
,,,,,,,,
Scarborough,Bus Terminal,busSBT,SBT,bus313,Gate 3C,null,,
,,,,,,,,
Scarborough,MRT Plaza,busSCR,SCR,bus313,null,null,,
,,,,,,,,
Scarborough,New Kent Terminal,busNKT,NKT,bus1west,null,null,,
Scarborough,New Kent Terminal,busNKT,NKT,bus1east,null,null,,
Scarborough,New Kent Terminal,busNKT,NKT,bus313,null,null,,
,,,,,,,,
Scarborough,ValleyConnect Station,busSVC,SVC,bus313,null,null,,
,,,,,,,,
Schillerton,Division & Maple Streets,busSHD,SHD,bus6north,null,null,,
Schillerton,Division & Maple Streets,busSHD,SHD,bus6south,null,null,,
Schillerton,Division & Maple Streets,busSHD,SHD,bus7west,null,null,,
Schillerton,Division & Maple Streets,busSHD,SHD,bus7east,null,null,,
Schillerton,Division & Maple Streets,busSHD,SHD,bus380west,null,null,,
Schillerton,Division & Maple Streets,busSHD,SHD,bus380east,null,null,,
,,,,,,,,
Schillerton,Sayles Hill Airfield,busSSH,SSH,bus380west,null,null,,
Schillerton,Sayles Hill Airfield,busSSH,SSH,bus380east,null,null,,
,,,,,,,,
Schusterlans,Rozenfeld Bus Terminal,busSHU,SHU,bus7west,Bay 2,null,,
Schusterlans,Rozenfeld Bus Terminal,busSHU,SHU,bus7east,Bay 2,null,,
,,,,,,,,
Seaview,Marina,busSVW,SVW,bus218north,null,null,,
Seaview,Marina,busSVW,SVW,bus218south,null,null,,
Seaview,Marina,busSVW,SVW,bus383west,null,null,,
Seaview,Marina,busSVW,SVW,bus383east,null,null,,
,,,,,,,,
Seaview,Oasis Sands Downtown,busOAS,OAS,bus218north,null,null,,
Seaview,Oasis Sands Downtown,busOAS,OAS,bus218south,null,null,,
,,,,,,,,
Seaview,Oasis Sands RaiLinQ Station,busORQ,ORQ,bus5west,null,null,,
Seaview,Oasis Sands RaiLinQ Station,busORQ,ORQ,bus5east,null,null,,
Seaview,Oasis Sands RaiLinQ Station,busORQ,ORQ,bus218north,null,null,,
Seaview,Oasis Sands RaiLinQ Station,busORQ,ORQ,bus218south,null,null,,
,,,,,,,,
Segville,Grand Central,busSGC,SGC,bus342north,null,null,,
Segville,Grand Central,busSGC,SGC,bus342south,null,null,,
,,,,,,,,
Segville,Heliport,busSHP,SHP,bus342north,null,null,,
Segville,Heliport,busSHP,SHP,bus342south,null,null,,
,,,,,,,,
Seoland,Angel Island,busSAG,SAG,bus211north,null,null,,
Seoland,Angel Island,busSAG,SAG,bus211south,null,null,,
,,,,,,,,
Seoland,Mascara Center,busSMC,SMC,bus211north,null,null,,
Seoland,Mascara Center,busSMC,SMC,bus211south,null,null,,
,,,,,,,,
Seoland,Transit Centre,busSEO,SEO,bus210north,Platform 22,null,,
Seoland,Transit Centre,busSEO,SEO,bus210south,Platform 24,null,,
Seoland,Transit Centre,busSEO,SEO,bus211north,Platform 21,null,,
Seoland,Transit Centre,busSEO,SEO,bus211south,Platform 25,null,,
,,,,,,,,
Seoland,Trimunicipalities Airport,busSTS,STS,bus210north,null,null,,
Seoland,Trimunicipalities Airport,busSTS,STS,bus210south,null,null,,
Seoland,Trimunicipalities Airport,busSTS,STS,bus211north,null,null,,
Seoland,Trimunicipalities Airport,busSTS,STS,bus211south,null,null,,
,,,,,,,,
Serena,null,busSER,SER,bus2north,null,null,,
Serena,null,busSER,SER,bus2south,null,null,,
,,,,,,,,
Sesby,Warptrain Museum,busWRM,WRM,bus8north,null,null,,
Sesby,Warptrain Museum,busWRM,WRM,bus8south,null,null,,
Sesby,Warptrain Museum,busWRM,WRM,bus223north,null,null,,
Sesby,Warptrain Museum,busWRM,WRM,bus223south,null,null,,
,,,,,,,,
Siletz,Bus Terminal,busSLB,SLB,bus341north,null,null,,
Siletz,Bus Terminal,busSLB,SLB,bus341south,null,null,,
,,,,,,,,
Siletz,Salvador Station,busSLZ,SLZ,bus1west,Bay C2,null,,
Siletz,Salvador Station,busSLZ,SLZ,bus1east,Bay C1,null,,
Siletz,Salvador Station,busSLZ,SLZ,bus107west,Bay C3,null,,
Siletz,Salvador Station,busSLZ,SLZ,bus107east,Bay C3,null,,
Siletz,Salvador Station,busSLZ,SLZ,bus201north,Bay B2,null,,
Siletz,Salvador Station,busSLZ,SLZ,bus201south,Bay B2,null,,
Siletz,Salvador Station,busSLZ,SLZ,bus341north,Bay B3,null,,
Siletz,Salvador Station,busSLZ,SLZ,bus341south,Bay B3,null,,
,,,,,,,,
Skogheim,Central,busSKO,SKO,bus2north,null,null,,
Skogheim,Central,busSKO,SKO,bus2south,null,null,,
,,,,,,,,
Snowtopic,Boulevard,busSNW,SNW,bus316north,null,null,,
Snowtopic,Boulevard,busSNW,SNW,bus316south,null,null,,
,,,,,,,,
Snowtopic,Transit Centre,busSTC,STC,bus316north,Gate 4,null,,
Snowtopic,Transit Centre,busSTC,STC,bus316south,Gate 4,null,,
,,,,,,,,
Snowydale,null,busSWD,SWD,bus109north,null,null,,
Snowydale,null,busSWD,SWD,bus109south,null,null,,
,,,,,,,,
South Canal,null,busSCL,SCL,bus383west,null,null,,
South Canal,null,busSCL,SCL,bus383east,null,null,,
,,,,,,,,
Southport-sur-mer,MCR Station,busSSM,SSM,bus201north,null,null,,
Southport-sur-mer,MCR Station,busSSM,SSM,bus201south,null,null,,
,,,,,,,,
Spring Valley,Fifth Street,busSVF,SVF,bus2north,null,null,,
Spring Valley,Fifth Street,busSVF,SVF,bus2south,null,null,,
Spring Valley,Fifth Street,busSVF,SVF,bus103west,null,null,,
Spring Valley,Fifth Street,busSVF,SVF,bus103east,null,null,,
,,,,,,,,
Spruce Hills,null,busSPH,SPH,bus102north,null,null,,
Spruce Hills,null,busSPH,SPH,bus102south,null,null,,
,,,,,,,,
Storalisburg,null,busSTR,STR,bus2north,null,null,,
Storalisburg,null,busSTR,STR,bus2south,null,null,,
,,,,,,,,
Sunshine Coast,Máspalmas Terminal,busSUN,SUN,bus1west,null,null,,
Sunshine Coast,Máspalmas Terminal,busSUN,SUN,bus1east,null,null,,
Sunshine Coast,Máspalmas Terminal,busSUN,SUN,bus108west,null,null,,
Sunshine Coast,Máspalmas Terminal,busSUN,SUN,bus108east,null,null,,
,,,,,,,,
Sunshine Cove,Rosedale Bus Terminal,busCVE,CVE,bus1west,Gate 9,null,,
Sunshine Cove,Rosedale Bus Terminal,busCVE,CVE,bus1east,Gate 10,null,,
Sunshine Cove,Rosedale Bus Terminal,busCVE,CVE,bus347north,Gate 8,null,,
Sunshine Cove,Rosedale Bus Terminal,busCVE,CVE,bus347south,Gate 8,null,,
,,,,,,,,
Sunshine Cove,Waterside,busSCV,SCV,bus347north,null,null,,
Sunshine Cove,Waterside,busSCV,SCV,bus347south,null,null,,
,,,,,,,,
Tembok,Railway Station,busTEM,TEM,bus5west,null,null,,
Tembok,Railway Station,busTEM,TEM,bus5east,null,null,,
Tembok,Railway Station,busTEM,TEM,bus7west,null,null,,
Tembok,Railway Station,busTEM,TEM,bus7east,null,null,,
Tembok,Railway Station,busTEM,TEM,bus109north,null,null,,
Tembok,Railway Station,busTEM,TEM,bus109south,null,null,,
,,,,,,,,
Titsensaki,Ironhill,busTIT,TIT,bus395north,null,null,,
Titsensaki,Ironhill,busTIT,TIT,bus395south,null,null,,
,,,,,,,,
Titsensaki,Sealerwhale International Airport,busTSA,TSA,bus3west,null,null,,
Titsensaki,Sealerwhale International Airport,busTSA,TSA,bus3east,null,null,,
Titsensaki,Sealerwhale International Airport,busTSA,TSA,bus395north,null,null,,
Titsensaki,Sealerwhale International Airport,busTSA,TSA,bus395south,null,null,,
,,,,,,,,
Utopia,Anthony Fokker Regional Airport & Transit Hub,busAFK,AFK,bus306west,null,null,Utopia Anthony Fokker Transit Hub,Anthony Fokker Transit Hub
Utopia,Anthony Fokker Regional Airport & Transit Hub,busAFK,AFK,bus306east,null,null,Utopia Anthony Fokker Transit Hub,Anthony Fokker Transit Hub
,,,,,,,,
Utopia,IKEA,busIKE,IKE,bus6north,null,null,,
Utopia,IKEA,busIKE,IKE,bus6south,null,null,,
Utopia,IKEA,busIKE,IKE,bus107west,null,null,,
Utopia,IKEA,busIKE,IKE,bus107east,null,null,,
Utopia,IKEA,busIKE,IKE,bus214west,null,null,,
Utopia,IKEA,busIKE,IKE,bus214east,null,null,,
Utopia,IKEA,busIKE,IKE,bus306west,null,null,,
Utopia,IKEA,busIKE,IKE,bus306east,null,null,,
,,,,,,,,
Utopia,Jimmy Doolittle Regional Airport,busJDL,JDL,bus306west,null,null,,
Utopia,Jimmy Doolittle Regional Airport,busJDL,JDL,bus306east,null,null,,
,,,,,,,,
Vegeta,Junction,busVGJ,VGJ,bus2north,null,null,,
Vegeta,Junction,busVGJ,VGJ,bus2south,null,null,,
,,,,,,,,
Venceslo,Stadium-Village Terminal,busSVT,SVT,bus6north,null,null,,
Venceslo,Stadium-Village Terminal,busSVT,SVT,bus6south,null,null,,
,,,,,,,,
Verdstrand,East Airfield,busVEX,VEX,bus210north,null,null,,
Verdstrand,East Airfield,busVEX,VEX,bus210south,null,null,,
Verdstrand,East Airfield,busVEX,VEX,bus211north,null,null,,
Verdstrand,East Airfield,busVEX,VEX,bus211south,null,null,,
,,,,,,,,
Verdstrand,Transit Center,busVRD,VRD,bus210north,null,null,,
Verdstrand,Transit Center,busVRD,VRD,bus210south,null,null,,
Verdstrand,Transit Center,busVRD,VRD,bus211north,null,null,,
Verdstrand,Transit Center,busVRD,VRD,bus211south,null,null,,
,,,,,,,,
Vermilion,Gateway Airport,busVER,VER,bus348north,Stop 2,null,,
Vermilion,Gateway Airport,busVER,VER,bus348south,Stop 2,null,,
Vermilion,Gateway Airport,busVER,VER,bus349north,Stop 4,null,,
Vermilion,Gateway Airport,busVER,VER,bus349south,Stop 4,null,,
,,,,,,,,
Vermilion,Seaplane Base,busVSB,VSB,bus348north,null,null,,
Vermilion,Seaplane Base,busVSB,VSB,bus348south,null,null,,
,,,,,,,,
Vermilion,Ventura Waterport Terminal H,busVWH,VWH,bus349north,null,null,,
Vermilion,Ventura Waterport Terminal H,busVWH,VWH,bus349south,null,null,,
,,,,,,,,
Vermilion,Ventura Waterport Terminal L,busVWL,VWL,bus348north,null,null,,
Vermilion,Ventura Waterport Terminal L,busVWL,VWL,bus348south,null,null,,
,,,,,,,,
Vermilion,Victory Square,busVVS,VVS,bus5west,null,null,,
Vermilion,Victory Square,busVVS,VVS,bus5east,null,null,,
Vermilion,Victory Square,busVVS,VVS,bus348north,null,null,,
Vermilion,Victory Square,busVVS,VVS,bus348south,null,null,,
Vermilion,Victory Square,busVVS,VVS,bus349north,null,null,,
Vermilion,Victory Square,busVVS,VVS,bus349south,null,null,,
Vermilion,Victory Square,busVVS,VVS,bus372north,null,null,,
Vermilion,Victory Square,busVVS,VVS,bus372south,null,null,,
,,,,,,,,
Victoria,Coastal Point,busVCP,VCP,bus225west,null,null,,
Victoria,Coastal Point,busVCP,VCP,bus225east,null,null,,
,,,,,,,,
Victoria,International Airport,busVIC,VIC,bus402west,null,null,,
Victoria,International Airport,busVIC,VIC,bus402east,null,null,,
,,,,,,,,
Victoria,Preston,busVPR,VPR,bus108west,null,null,,
Victoria,Preston,busVPR,VPR,bus108east,null,null,,
Victoria,Preston,busVPR,VPR,bus225west,null,null,,
Victoria,Preston,busVPR,VPR,bus225east,null,null,,
Victoria,Preston,busVPR,VPR,bus402west,null,null,,
Victoria,Preston,busVPR,VPR,bus402east,null,null,,
,,,,,,,,
Villanueva,Central,busVLC,VLC,bus109north,null,null,,
Villanueva,Central,busVLC,VLC,bus109south,null,null,,
Villanueva,Central,busVLC,VLC,bus346north,null,null,,
Villanueva,Central,busVLC,VLC,bus346south,null,null,,
,,,,,,,,
Villanueva,Port,busVNU,VNU,bus346north,null,null,,
Villanueva,Port,busVNU,VNU,bus346south,null,null,,
,,,,,,,,
Villanueva,Rick Sanchez Airfield,busRSZ,RSZ,bus346north,null,null,,
Villanueva,Rick Sanchez Airfield,busRSZ,RSZ,bus346south,null,null,,
,,,,,,,,
Washingcube,Airfield,busWCA,WCA,bus312north,null,null,,
Washingcube,Airfield,busWCA,WCA,bus312south,null,null,,
,,,,,,,,
Washingcube,Central Rail Station,busWSH,WSH,bus312north,null,null,,
Washingcube,Central Rail Station,busWSH,WSH,bus312south,null,null,,
,,,,,,,,
Washingcube,East FrostyRail Station,busWCE,WCE,bus312north,null,null,,
Washingcube,East FrostyRail Station,busWCE,WCE,bus312south,null,null,,
,,,,,,,,
Waterville,Municipal Airport,busWMA,WMA,bus307north,null,null,,
Waterville,Municipal Airport,busWMA,WMA,bus307south,null,null,,
,,,,,,,,
Waterville,Orio & Waterville RaiLinQ Station,busOAW,OAW,bus3west,null,null,,
Waterville,Orio & Waterville RaiLinQ Station,busOAW,OAW,bus3east,null,null,,
Waterville,Orio & Waterville RaiLinQ Station,busOAW,OAW,bus307north,null,null,,
Waterville,Orio & Waterville RaiLinQ Station,busOAW,OAW,bus307south,null,null,,
,,,,,,,,
Waterville,Union Station,busWTU,WTU,bus307north,null,null,,
Waterville,Union Station,busWTU,WTU,bus307south,null,null,,
,,,,,,,,
Waverly,Edinburgh Station,busWAV,WAV,bus106north,Bay F,null,,
Waverly,Edinburgh Station,busWAV,WAV,bus106south,Bay G,null,,
Waverly,Edinburgh Station,busWAV,WAV,bus343west,Bay E,null,,
Waverly,Edinburgh Station,busWAV,WAV,bus343east,Bay E,null,,
,,,,,,,,
Waverly,Marina,busWVP,WVP,bus343west,null,null,,
Waverly,Marina,busWVP,WVP,bus343east,null,null,,
,,,,,,,,
Wazamawazi,Queen Maxima,busWQM,WQM,bus103west,null,null,,
Wazamawazi,Queen Maxima,busWQM,WQM,bus103east,null,null,,
Wazamawazi,Queen Maxima,busWQM,WQM,bus354north,null,null,,
Wazamawazi,Queen Maxima,busWQM,WQM,bus354south,null,null,,
,,,,,,,,
Wazamawazi,Westcross Transferium,busWWC,WWC,bus103west,null,null,,
Wazamawazi,Westcross Transferium,busWWC,WWC,bus103east,null,null,,
,,,,,,,,
Wazamawazi,Zoeteman Regional Airport,busWZA,WZA,bus354north,null,null,,
Wazamawazi,Zoeteman Regional Airport,busWZA,WZA,bus354south,null,null,,
,,,,,,,,
Welchett,null,busWEL,WEL,bus7west,null,null,,
Welchett,null,busWEL,WEL,bus7east,null,null,,
Welchett,null,busWEL,WEL,bus109north,null,null,,
Welchett,null,busWEL,WEL,bus109south,null,null,,
,,,,,,,,
Wendolig,Trevithick District Bus Station,busWDG,WDG,bus216west,Stand 2,null,,
Wendolig,Trevithick District Bus Station,busWDG,WDG,bus216east,Stand 2,null,,
,,,,,,,,
West Calbar,Regional Airport,busCAL,CAL,bus315north,null,null,,
West Calbar,Regional Airport,busCAL,CAL,bus315south,null,null,,
,,,,,,,,
Westburg,Beltway Parade,busWBB,WBB,bus365north,null,null,,
Westburg,Beltway Parade,busWBB,WBB,bus365south,null,null,,
,,,,,,,,
Westburg,Junction,busWBJ,WBJ,bus365north,null,null,,
Westburg,Junction,busWBJ,WBJ,bus365south,null,null,,
,,,,,,,,
Westburg,Parliament Drive,busWBP,WBP,bus365north,null,null,,
Westburg,Parliament Drive,busWBP,WBP,bus365south,null,null,,
,,,,,,,,
Weston,Harbour,busWEH,WEH,bus103west,Bay 1,null,,
Weston,Harbour,busWEH,WEH,bus103east,Bay 1,null,,
Weston,Harbour,busWEH,WEH,bus104north,Bay 2,null,,
Weston,Harbour,busWEH,WEH,bus104south,Bay 2,null,,
Weston,Harbour,busWEH,WEH,bus356west,Bay 3,null,,
Weston,Harbour,busWEH,WEH,bus356east,Bay 4,null,,
,,,,,,,,
Weston,Hillview Intercity Bus Terminal,busWHV,WHV,bus103west,Berth C4,null,,
Weston,Hillview Intercity Bus Terminal,busWHV,WHV,bus103east,Berth C1,null,,
Weston,Hillview Intercity Bus Terminal,busWHV,WHV,bus104north,Berth C2,null,,
Weston,Hillview Intercity Bus Terminal,busWHV,WHV,bus104south,Berth C3,null,,
Weston,Hillview Intercity Bus Terminal,busWHV,WHV,bus356west,Berth C5,null,,
Weston,Hillview Intercity Bus Terminal,busWHV,WHV,bus356east,Berth C5,null,,
,,,,,,,,
Weston,Main Station,busWEM,WEM,bus356west,null,null,,
Weston,Main Station,busWEM,WEM,bus356east,null,null,,
,,,,,,,,
Whitechapel,Border,busWHB,WHB,bus207north,null,null,West Calbar,
Whitechapel,Border,busWHB,WHB,bus207south,null,null,West Calbar,
Whitechapel,Border,busWHB,WHB,bus224west,null,null,West Calbar,
Whitechapel,Border,busWHB,WHB,bus224east,null,null,West Calbar,
Whitechapel,Border,busWHB,WHB,bus315north,null,null,West Calbar,
Whitechapel,Border,busWHB,WHB,bus315south,null,null,West Calbar,
,,,,,,,,
Whitechapel,Corrigan Northern,busWHC,WHC,bus207north,null,null,,
Whitechapel,Corrigan Northern,busWHC,WHC,bus207south,null,null,,
,,,,,,,,
Whitechapel,Sheepshead,busSHE,SHE,bus224west,null,null,,
Whitechapel,Sheepshead,busSHE,SHE,bus224east,null,null,,
,,,,,,,,
Whitechapel,Sky Harbor,busWHT,WHT,bus207north,null,null,,
Whitechapel,Sky Harbor,busWHT,WHT,bus207south,null,null,,
,,,,,,,,
Whitechapel,Waterfront,busWHW,WHW,bus2north,Platform B South,null,,
Whitechapel,Waterfront,busWHW,WHW,bus2south,Platform B South,null,,
Whitechapel,Waterfront,busWHW,WHW,bus102north,Platform A South,null,,
Whitechapel,Waterfront,busWHW,WHW,bus102south,Platform A South,null,,
Whitechapel,Waterfront,busWHW,WHW,bus106north,Platform A South,null,,
Whitechapel,Waterfront,busWHW,WHW,bus106south,Platform A South,null,,
Whitechapel,Waterfront,busWHW,WHW,bus207north,Platform A South,null,,
Whitechapel,Waterfront,busWHW,WHW,bus207south,Platform A South,null,,
,,,,,,,,
Whitecliff,Central,busWCF,WCF,bus202west,null,null,,
Whitecliff,Central,busWCF,WCF,bus202east,null,null,,
,,,,,,,,
Whiteley,Aerodrome,busSWH,SWH,bus302west,null,null,,
Whiteley,Aerodrome,busSWH,SWH,bus302east,null,null,,
,,,,,,,,
Whiteley,Airport Parkway,busWAP,WAP,bus301north,null,null,,
Whiteley,Airport Parkway,busWAP,WAP,bus301south,null,null,,
Whiteley,Airport Parkway,busWAP,WAP,bus302west,null,null,,
Whiteley,Airport Parkway,busWAP,WAP,bus302east,null,null,,
,,,,,,,,
Whiteley,College Park,busWCP,WCP,bus301north,null,null,,
Whiteley,College Park,busWCP,WCP,bus301south,null,null,,
,,,,,,,,
Whiteley,Olympia-Cacturne Boulevards,busWHO,WHO,bus6north,null,null,,
Whiteley,Olympia-Cacturne Boulevards,busWHO,WHO,bus6south,null,null,,
Whiteley,Olympia-Cacturne Boulevards,busWHO,WHO,bus7west,null,null,,
Whiteley,Olympia-Cacturne Boulevards,busWHO,WHO,bus7east,null,null,,
Whiteley,Olympia-Cacturne Boulevards,busWHO,WHO,bus301north,null,null,,
Whiteley,Olympia-Cacturne Boulevards,busWHO,WHO,bus301south,null,null,,
Whiteley,Olympia-Cacturne Boulevards,busWHO,WHO,bus302west,null,null,,
Whiteley,Olympia-Cacturne Boulevards,busWHO,WHO,bus302east,null,null,,
,,,,,,,,
Whiteley,Southwold University,busWSU,WSU,bus301north,null,null,,
Whiteley,Southwold University,busWSU,WSU,bus301south,null,null,,
,,,,,,,,
Winterside,null,busWNS,WNS,bus3west,null,null,,
Winterside,null,busWNS,WNS,bus3east,null,null,,
,,,,,,,,
Woodsdale,BluRail Station,busWDL,WDL,bus208north,null,null,,
Woodsdale,BluRail Station,busWDL,WDL,bus208south,null,null,,
,,,,,,,,
Woodsdale,Municipal Airport,busCWB,CWB,bus3west,null,null,,
Woodsdale,Municipal Airport,busCWB,CWB,bus3east,null,null,,
Woodsdale,Municipal Airport,busCWB,CWB,bus208north,null,null,,
Woodsdale,Municipal Airport,busCWB,CWB,bus208south,null,null,,
,,,,,,,,
Wythern,Airfield,busWYA,WYA,bus7west,Bay 2,null,,
Wythern,Airfield,busWYA,WYA,bus7east,Bay 2,null,,
Wythern,Airfield,busWYA,WYA,bus8north,Bay 3,null,,
Wythern,Airfield,busWYA,WYA,bus8south,Bay 4,null,,
Wythern,Airfield,busWYA,WYA,bus391west,Bay 5,null,,
Wythern,Airfield,busWYA,WYA,bus391east,Bay 5,null,,
,,,,,,,,
Wythern,Transit Hub,busWYT,WYT,bus391west,null,null,,
Wythern,Transit Hub,busWYT,WYT,bus391east,null,null,,
,,,,,,,,
Xandar-Vekta,Isthmus CitiRail Station,busXCR,XCR,bus325north,null,null,,
Xandar-Vekta,Isthmus CitiRail Station,busXCR,XCR,bus325south,null,null,,
,,,,,,,,
Xandar-Vekta,Transfer Station,busXVT,XVT,bus325north,null,null,,
Xandar-Vekta,Transfer Station,busXVT,XVT,bus325south,null,null,,
,,,,,,,,
Xandar-Vekta,Vekta & Xandar RaiLinQ Station,busXRQ,XRQ,bus106north,null,null,,
Xandar-Vekta,Vekta & Xandar RaiLinQ Station,busXRQ,XRQ,bus106south,null,null,,
Xandar-Vekta,Vekta & Xandar RaiLinQ Station,busXRQ,XRQ,bus325north,null,null,,
Xandar-Vekta,Vekta & Xandar RaiLinQ Station,busXRQ,XRQ,bus325south,null,null,,
,,,,,,,,
Xilia,HSR,busXHS,XHS,bus363north,null,null,,
Xilia,HSR,busXHS,XHS,bus363south,null,null,,
,,,,,,,,
Xilia,IntraAir Heli Lines Boarding Center,busXIH,XIH,bus364west,null,null,,
Xilia,IntraAir Heli Lines Boarding Center,busXIH,XIH,bus364east,null,null,,
,,,,,,,,
Xilia,Nation,busXLN,XLN,bus2north,null,null,,
Xilia,Nation,busXLN,XLN,bus2south,null,null,,
Xilia,Nation,busXLN,XLN,bus363north,null,null,,
Xilia,Nation,busXLN,XLN,bus363south,null,null,,
Xilia,Nation,busXLN,XLN,bus364west,null,null,,
Xilia,Nation,busXLN,XLN,bus364east,null,null,,
,,,,,,,,
Xilia,Saint-Exupéry Airfield,busXSE,XSE,bus364west,null,null,,
Xilia,Saint-Exupéry Airfield,busXSE,XSE,bus364east,null,null,,
,,,,,,,,
Yonge,null,busYON,YON,bus105west,null,null,,
Yonge,null,busYON,YON,bus105east,null,null,,
,,,,,,,,
Zaquar,Ménage et Trois Regional Airport,busZAQ,ZAQ,bus390north,null,null,,
Zaquar,Ménage et Trois Regional Airport,busZAQ,ZAQ,bus390south,null,null,,
,,,,,,,,
Zaquar,North,busZQN,ZQN,bus390north,null,null,,
Zaquar,North,busZQN,ZQN,bus390south,null,null,,
,,,,,,,,
Zaquar,Tanzanite Station,busZQT,ZQT,bus7west,null,null,,
Zaquar,Tanzanite Station,busZQT,ZQT,bus7east,null,null,,
Zaquar,Tanzanite Station,busZQT,ZQT,bus8north,null,null,,
Zaquar,Tanzanite Station,busZQT,ZQT,bus8south,null,null,,
Zaquar,Tanzanite Station,busZQT,ZQT,bus390north,null,null,,
Zaquar,Tanzanite Station,busZQT,ZQT,bus390south,null,null,,