Accerton,null,railACC,ACC,rail_5north,null,null,,,,
Accerton,null,railACC,ACC,rail_5south,null,null,,,,
,,,,,,,,,,
Achowalogen Takachsin,Digipool,railDIG,DIG,rail_207north,null,null,,,,
Achowalogen Takachsin,Digipool,railDIG,DIG,rail_207south,null,null,,,,
,,,,,,,,,,
Achowalogen Takachsin,Merchant City,railMER,MER,rail_207north,Track 4,null,,,,
Achowalogen Takachsin,Merchant City,railMER,MER,rail_207south,Track 1,null,,,,
Achowalogen Takachsin,Merchant City,railMER,MER,rail_307north,Track 3,null,,,,
Achowalogen Takachsin,Merchant City,railMER,MER,rail_307south,Track 2,null,,,,
,,,,,,,,,,
Achowalogen Takachsin,Orion,railORI,ORI,rail_4north,null,null,,,,
Achowalogen Takachsin,Orion,railORI,ORI,rail_4south,null,null,,,,
Achowalogen Takachsin,Orion,railORI,ORI,rail_4Xnorth,null,null,,,,
Achowalogen Takachsin,Orion,railORI,ORI,rail_4Xsouth,null,null,,,,
Achowalogen Takachsin,Orion,railORI,ORI,rail_10Xwest,null,null,,,,
Achowalogen Takachsin,Orion,railORI,ORI,rail_10Xeast,null,null,,,,
,,,,,,,,,,
Achowalogen Takachsin,Solarion,railSOL,SOL,rail_10Xwest,null,null,,,,
Achowalogen Takachsin,Solarion,railSOL,SOL,rail_10Xeast,null,null,,,,
,,,,,,,,,,
Achowalogen Takachsin,Suburb,railATS,ATS,rail_4north,null,null,,,,
Achowalogen Takachsin,Suburb,railATS,ATS,rail_4south,null,null,,,,
,,,,,,,,,,
Achowalogen Takachsin,West,railATW,ATW,rail_4north,null,null,,,,
Achowalogen Takachsin,West,railATW,ATW,rail_4south,null,null,,,,
,,,,,,,,,,
Achowalogen Takachsin-Covina,Downtown,railATD,ATD,rail_4north,null,null,Achowalogen Takachsin,Covina,,
Achowalogen Takachsin-Covina,Downtown,railATD,ATD,rail_4south,null,null,Achowalogen Takachsin,Covina,,
,,,,,,,,,,
Achowalogen Takachsin-Covina,International Airport,railATC,ATC,rail_2Xnorth,null,null,Achowalogen Takachsin,Covina,,
Achowalogen Takachsin-Covina,International Airport,railATC,ATC,rail_2Xsouth,null,null,Achowalogen Takachsin,Covina,,
Achowalogen Takachsin-Covina,International Airport,railATC,ATC,rail_4north,null,null,Achowalogen Takachsin,Covina,,
Achowalogen Takachsin-Covina,International Airport,railATC,ATC,rail_4south,null,null,Achowalogen Takachsin,Covina,,
Achowalogen Takachsin-Covina,International Airport,railATC,ATC,rail_4Xnorth,null,null,Achowalogen Takachsin,Covina,,
Achowalogen Takachsin-Covina,International Airport,railATC,ATC,rail_4Xsouth,null,null,Achowalogen Takachsin,Covina,,
Achowalogen Takachsin-Covina,International Airport,railATC,ATC,rail_5Xnorth,null,null,Achowalogen Takachsin,Covina,,
Achowalogen Takachsin-Covina,International Airport,railATC,ATC,rail_5Xsouth,null,null,Achowalogen Takachsin,Covina,,
Achowalogen Takachsin-Covina,International Airport,railATC,ATC,rail_307north,null,null,Achowalogen Takachsin,Covina,,
Achowalogen Takachsin-Covina,International Airport,railATC,ATC,rail_307south,null,null,Achowalogen Takachsin,Covina,,
,,,,,,,,,,
Addison,null,railADD,ADD,rail_10west,null,null,,,,
Addison,null,railADD,ADD,rail_10east,null,null,,,,
,,,,,,,,,,
Aeolia,null,railAEO,AEO,rail_8west,Track 1,null,,,,
Aeolia,null,railAEO,AEO,rail_8east,Track 4,null,,,,
,,,,,,,,,,
Airchester,Airfield,railACA,ACA,rail_5north,null,null,Poem Wall,,,
Airchester,Airfield,railACA,ACA,rail_5south,null,null,Poem Wall,,,
,,,,,,,,,,
Airchester,Central,railACH,ACH,rail_5north,Track 2,null,,,,
Airchester,Central,railACH,ACH,rail_5south,Track 3,null,,,,
Airchester,Central,railACH,ACH,rail_5Xnorth,Track 1,null,,,,
Airchester,Central,railACH,ACH,rail_5Xsouth,Track 4,null,,,,
,,,,,,,,,,
Alexandriasburg,null,railALX,ALX,mcr_504north,null,null,,,,
Alexandriasburg,null,railALX,ALX,mcr_504south,null,null,,,,
,,,,,,,,,,
Amestris,Cummins Highway,railAMC,AMC,rail_202Awest,null,null,,,,
Amestris,Cummins Highway,railAMC,AMC,rail_202east,null,null,,,,
,,,,,,,,,,
Amestris,Washington Street,railAMW,AMW,rail_202west,null,null,,,,
Amestris,Washington Street,railAMW,AMW,rail_202east,null,null,,,,
,,,,,,,,,,
Anthro Island,Airport,railAIS,AIS,rail_213north,null,null,,,,
Anthro Island,Airport,railAIS,AIS,rail_213south,null,null,,,,
,,,,,,,,,,
Anthro Island,City Hall,railAIL,AIL,rail_213north,null,null,,,,
Anthro Island,City Hall,railAIL,AIL,rail_213south,null,null,,,,
,,,,,,,,,,
Antioch,Regional Airfield,railANA,ANA,rail_4north,Track 4,null,,,,
Antioch,Regional Airfield,railANA,ANA,rail_4south,Track 3,null,,,,
,,,,,,,,,,
Antioch,Union Station,railANT,ANT,rail_4north,Track 16,null,,,,
Antioch,Union Station,railANT,ANT,rail_4south,Track 9,null,,,,
Antioch,Union Station,railANT,ANT,rail_6west,Track 8,null,,,,
Antioch,Union Station,railANT,ANT,rail_6east,Track 1,null,,,,
,,,,,,,,,,
Aprix,null,railAPX,APX,rail_201west,null,null,,,,
Aprix,null,railAPX,APX,rail_201east,null,null,,,,
,,,,,,,,,,
Arcadia,City Hall,railARC,ARC,rail_8west,Track 3,null,,,,
Arcadia,City Hall,railARC,ARC,rail_8east,Track 2,null,,,,
Arcadia,City Hall,railARC,ARC,rail_209west,Track 4,null,,,,
Arcadia,City Hall,railARC,ARC,rail_209east,Track 1,null,,,,
,,,,,,,,,,
Arcadia,Dana Point,railDNA,DNA,rail_8west,null,null,,,,
Arcadia,Dana Point,railDNA,DNA,rail_8east,null,null,,,,
Arcadia,Dana Point,railDNA,DNA,rail_209west,null,null,,,,
Arcadia,Dana Point,railDNA,DNA,rail_209east,null,null,,,,
,,,,,,,,,,
Arcadium,null,railACD,ACD,rail_3north,Track 1,null,,,,
Arcadium,null,railACD,ACD,rail_3south,Track 4,null,,,,
,,,,,,,,,,
Arendale,null,railARN,ARN,rail_3north,null,null,,,,
Arendale,null,railARN,ARN,rail_3south,null,null,,,,
,,,,,,,,,,
Ashmore,null,railASH,ASH,rail_1north,Track 2,null,,,,
Ashmore,null,railASH,ASH,rail_1south,Track 1,null,,,,
,,,,,,,,,,
Aston,null,railASN,ASN,rail_212north,null,null,,,,
Aston,null,railASN,ASN,rail_212south,null,null,,,,
,,,,,,,,,,
Astoria,null,railAST,AST,rail_7north,Track 3,null,,,,
Astoria,null,railAST,AST,rail_7south,Track 6,null,,,,
Astoria,null,railAST,AST,rail_7Xnorth,Track 4,null,,,,
Astoria,null,railAST,AST,rail_7Xsouth,Track 5,null,,,,
Astoria,null,railAST,AST,rail_102west,Track 2,null,,,,
Astoria,null,railAST,AST,rail_102east,Track 1,null,,,,
,,,,,,,,,,
Asuka,null,railASK,ASK,rail_2north,null,null,f,,,
Asuka,null,railASK,ASK,rail_2south,null,null,,,,
,,,,,,,,,,
Auckland,null,railAUC,AUC,rail_2north,null,null,,,,
Auckland,null,railAUC,AUC,rail_2south,null,null,,,,
,,,,,,,,,,
Aurora,null,railAUR,AUR,rail_10west,null,null,,,,
Aurora,null,railAUR,AUR,rail_10east,null,null,,,,
,,,,,,,,,,
Bakersville,Fairfield Airfield,railBFA,BFA,rail_202west,Track 2,null,,,,
Bakersville,Fairfield Airfield,railBFA,BFA,rail_202Awest,Track 2,null,,,,
Bakersville,Fairfield Airfield,railBFA,BFA,rail_202east,Track 3,null,,,,
Bakersville,Fairfield Airfield,railBFA,BFA,rail_204north,Track 4,null,,,,
Bakersville,Fairfield Airfield,railBFA,BFA,rail_204south,Track 1,null,,,,
,,,,,,,,,,
Bakersville,Grand Central,railGCT,GCT,rail_1north,Track 202,null,,,,
Bakersville,Grand Central,railGCT,GCT,rail_1south,Track 201,null,,,,
Bakersville,Grand Central,railGCT,GCT,rail_202west,Track 12,null,,,,
Bakersville,Grand Central,railGCT,GCT,rail_202Awest,Track 12,null,,,,
Bakersville,Grand Central,railGCT,GCT,rail_202east,Track 12,null,,,,
Bakersville,Grand Central,railGCT,GCT,rail_204north,Track 13,null,,,,
Bakersville,Grand Central,railGCT,GCT,rail_204south,Track 13,null,,,,
Bakersville,Grand Central,railGCT,GCT,rail_309north,Track 14,null,,,,
Bakersville,Grand Central,railGCT,GCT,rail_309south,Track 14,null,,,,
Bakersville,Grand Central,railGCT,GCT,rail_401Xnorth,Track 15,null,,,,
Bakersville,Grand Central,railGCT,GCT,rail_401Xsouth,Track 15,null,,,,
,,,,,,,,,,
Bakersville,New Carrollton Station,railBNC,BNC,rail_309north,Track 2,null,,,,
Bakersville,New Carrollton Station,railBNC,BNC,rail_309south,Track 2,null,,,,
,,,,,,,,,,
Bakersville,Westchester Junction - Canal Works,railBWJ,BWJ,rail_202west,Track 5,null,,,,
Bakersville,Westchester Junction - Canal Works,railBWJ,BWJ,rail_202Awest,Track 5,null,,,,
Bakersville,Westchester Junction - Canal Works,railBWJ,BWJ,rail_202east,Track 4,null,,,,
Bakersville,Westchester Junction - Canal Works,railBWJ,BWJ,rail_204north,Track 3,null,,,,
Bakersville,Westchester Junction - Canal Works,railBWJ,BWJ,rail_204south,Track 6,null,,,,
,,,,,,,,,,
Bawktown,Brick Street,railBWK,BWK,rail_9north,null,null,,,,
Bawktown,Brick Street,railBWK,BWK,rail_9south,null,null,,,,
Bawktown,Brick Street,railBWK,BWK,rail_9Xnorth,null,null,,,,
Bawktown,Brick Street,railBWK,BWK,rail_9Xsouth,null,null,,,,
Bawktown,Brick Street,railBWK,BWK,rail_10west,null,null,,,,
Bawktown,Brick Street,railBWK,BWK,rail_10east,null,null,,,,
Bawktown,Brick Street,railBWK,BWK,rail_10Xwest,null,null,,,,
Bawktown,Brick Street,railBWK,BWK,rail_10Xeast,null,null,,,,
,,,,,,,,,,
Bawktown,South Station,railBKS,BKS,rail_10west,null,null,,,,
Bawktown,South Station,railBKS,BKS,rail_10east,null,null,,,,
,,,,,,,,,,
Bean City,null,railBEA,BEA,rail_107west,null,null,,,,
Bean City,null,railBEA,BEA,rail_107east,null,null,,,,
,,,,,,,,,,
Bechtel,null,railBEC,BEC,rail_6west,Track 1,null,,,,
Bechtel,null,railBEC,BEC,rail_6east,Track 6,null,,,,
,,,,,,,,,,
Belvadere,null,railBLV,BLV,rail_1north,Track 2,null,,,,
Belvadere,null,railBLV,BLV,rail_1south,Track 1,null,,,,
,,,,,,,,,,
Benion,Bus Exchange,railBEN,BEN,rail_4north,null,null,,,,
Benion,Bus Exchange,railBEN,BEN,rail_4south,null,null,,,,
,,,,,,,,,,
BirchView,Central,railBVC,BVC,rail_1north,Track 6,null,,,,
BirchView,Central,railBVC,BVC,rail_1south,Track 6,null,,,,
BirchView,Central,railBVC,BVC,rail_1Xnorth,Track 4,null,,,,
BirchView,Central,railBVC,BVC,rail_1Xsouth,Track 5,null,,,,
BirchView,Central,railBVC,BVC,rail_4north,Track 1,null,,,,
BirchView,Central,railBVC,BVC,rail_4south,Track 8,null,,,,
BirchView,Central,railBVC,BVC,rail_4Xnorth,Track 2,null,,,,
BirchView,Central,railBVC,BVC,rail_4Xsouth,Track 7,null,,,,
BirchView,Central,railBVC,BVC,rail_207north,Track 3,null,,,,
BirchView,Central,railBVC,BVC,rail_207south,Track 3,null,,,,
,,,,,,,,,,
Birchwood,null,railBCH,BCH,rail_2north,null,null,,,,
Birchwood,null,railBCH,BCH,rail_2south,null,null,,,,
,,,,,,,,,,
Birdhall,Transit Hub,railBRD,BRD,rail_101west,Track 4,null,,,,
Birdhall,Transit Hub,railBRD,BRD,rail_101east,Track 1,null,,,,
Birdhall,Transit Hub,railBRD,BRD,rail_104north,Track 2,null,,,,
Birdhall,Transit Hub,railBRD,BRD,rail_104south,Track 3,null,,,,
Birdhall,Transit Hub,railBRD,BRD,rail_305north,Track 5,null,,,,
Birdhall,Transit Hub,railBRD,BRD,rail_305south,Track 5,null,,,,
,,,,,,,,,,
Blackberry City,Main Street,railBBC,BBC,rail_107west,Track 4,null,,,,
Blackberry City,Main Street,railBBC,BBC,rail_107east,Track 1,null,,,,
Blackberry City,Main Street,railBBC,BBC,rail_107Xwest,Track 3,null,,,,
Blackberry City,Main Street,railBBC,BBC,rail_107Xeast,Track 2,null,,,,
,,,,,,,,,,
Borealia,null,railBOR,BOR,rail_2north,Track 3,null,,,,
Borealia,null,railBOR,BOR,rail_2south,Track 2,null,,,,
Borealia,null,railBOR,BOR,rail_214west,Track 4,null,,,,
Borealia,null,railBOR,BOR,rail_214east,Track 1,null,,,,
,,,,,,,,,,
Boston,Clapham Junction,railBCJ,BCJ,rail_7north,Track 7,null,,,,
Boston,Clapham Junction,railBCJ,BCJ,rail_7south,Track 4,null,,,,
Boston,Clapham Junction,railBCJ,BCJ,rail_7Xnorth,Track 6,null,,,,
Boston,Clapham Junction,railBCJ,BCJ,rail_7Xsouth,Track 5,null,,,,
Boston,Clapham Junction,railBCJ,BCJ,rail_103north,Track 3,null,,,,
Boston,Clapham Junction,railBCJ,BCJ,rail_103south,Track 8,null,,,,
,,,,,,,,,,
Boston,Stratford International,railBSI,BSI,rail_7north,null,null,,,,
Boston,Stratford International,railBSI,BSI,rail_7south,null,null,,,,
,,,,,,,,,,
Boston,Waterloo Station,railBWL,BWL,rail_103north,Track 4,null,,,,
Boston,Waterloo Station,railBWL,BWL,rail_103south,Track 4,null,,,,
,,,,,,,,,,
Bridgeport,null,railBDG,BDG,mcr_502north,Track 1,null,,,,
Bridgeport,null,railBDG,BDG,mcr_502south,Track 2,null,,,,
Bridgeport,null,railBDG,BDG,mcr_503north,Track 3,null,,,,
Bridgeport,null,railBDG,BDG,mcr_503south,Track 4,null,,,,
,,,,,,,,,,
Bristol,Downtown,railBRS,BRS,rail_6west,Track 1,null,,,,
Bristol,Downtown,railBRS,BRS,rail_6east,Track 4,null,,,,
,,,,,,,,,,
Bristol,Southeast,railBSE,BSE,rail_6west,Track 1,null,,,,
Bristol,Southeast,railBSE,BSE,rail_6east,Track 2,null,,,,
,,,,,,,,,,
Broville,null,railBRO,BRO,rail_5north,Track 2,null,,,,
Broville,null,railBRO,BRO,rail_5south,Track 3,null,,,,
Broville,null,railBRO,BRO,rail_105west,Track 4,null,,,,
Broville,null,railBRO,BRO,rail_105east,Track 1,null,,,,
,,,,,,,,,,
Broxbourne,null,railBRX,BRX,rail_6west,Track 4,null,,,,
Broxbourne,null,railBRX,BRX,rail_6east,Track 1,null,,,,
,,,,,,,,,,
Cactus River,Main Street,railCAC,CAC,rail_8west,null,null,,,,
Cactus River,Main Street,railCAC,CAC,rail_8east,null,null,,,,
,,,,,,,,,,
Cactus River,SE8,railCTS,CTS,mcr_508west,null,null,,,,
Cactus River,SE8,railCTS,CTS,mcr_508east,null,null,,,,
,,,,,,,,,,
Cadencia,null,railCAD,CAD,rail_9north,Track 2,null,,,,
Cadencia,null,railCAD,CAD,rail_9south,Track 1,null,,,,
,,,,,,,,,,
Capsville,null,railCAP,CAP,rail_202west,Track 4,null,,,,
Capsville,null,railCAP,CAP,rail_202Awest,Track 4,null,,,,
Capsville,null,railCAP,CAP,rail_202east,Track 1,null,,,,
,,,,,,,,,,
Central City,Beltway Terminal North,railBTN,BTN,rail_1north,Track 8,null,,,,
Central City,Beltway Terminal North,railBTN,BTN,rail_1south,Track 3,null,,,,
Central City,Beltway Terminal North,railBTN,BTN,rail_1Xnorth,Track 6,null,,,,
Central City,Beltway Terminal North,railBTN,BTN,rail_1Xsouth,Track 5,null,,,,
Central City,Beltway Terminal North,railBTN,BTN,rail_2Xnorth,Track 4,null,,,,
Central City,Beltway Terminal North,railBTN,BTN,rail_2Xsouth,Track 7,null,,,,
Central City,Beltway Terminal North,railBTN,BTN,rail_106west,Track 10,null,,,,
Central City,Beltway Terminal North,railBTN,BTN,rail_106east,Track 10,null,,,,
Central City,Beltway Terminal North,railBTN,BTN,rail_401Xnorth,Track 9,null,,,,
Central City,Beltway Terminal North,railBTN,BTN,rail_401Xsouth,Track 1,null,,,,
Central City,Beltway Terminal North,railBTN,BTN,mcr_506west,Track 2,null,,,,
Central City,Beltway Terminal North,railBTN,BTN,mcr_506east,Track 2,null,,,,
,,,,,,,,,,
Central City,MRT Land,railMRL,MRL,rail_106west,null,null,,,,
Central City,MRT Land,railMRL,MRL,rail_106east,null,null,,,,
,,,,,,,,,,
Central City,Warp Rail Terminal,railCCW,CCW,rail_2Xnorth,Track 31,null,,,,
Central City,Warp Rail Terminal,railCCW,CCW,rail_2Xsouth,Track 29,null,,,,
Central City,Warp Rail Terminal,railCCW,CCW,rail_106west,Track 27,null,,,,
Central City,Warp Rail Terminal,railCCW,CCW,rail_106east,Track 25,null,,,,
Central City,Warp Rail Terminal,railCCW,CCW,rail_207north,Track 33,null,,,,
Central City,Warp Rail Terminal,railCCW,CCW,rail_207south,Track 33,null,,,,
Central City,Warp Rail Terminal,railCCW,CCW,mcr_503north,Track 7,null,,,,
Central City,Warp Rail Terminal,railCCW,CCW,mcr_503south,Track 7,null,,,,
,,,,,,,,,,
Chalxior,Femtoprism Airfield,railCFA,CFA,rail_1Xnorth,Track 5,null,,,,
Chalxior,Femtoprism Airfield,railCFA,CFA,rail_1Xsouth,Track 6,null,,,,
Chalxior,Femtoprism Airfield,railCFA,CFA,rail_4north,Track 12,null,,,,
Chalxior,Femtoprism Airfield,railCFA,CFA,rail_4south,Track 21,null,,,,
Chalxior,Femtoprism Airfield,railCFA,CFA,rail_4Xnorth,Track 16,null,,,,
Chalxior,Femtoprism Airfield,railCFA,CFA,rail_4Xsouth,Track 17,null,,,,
Chalxior,Femtoprism Airfield,railCFA,CFA,rail_6west,Track 1,null,,,,
Chalxior,Femtoprism Airfield,railCFA,CFA,rail_6east,Track 10,null,,,,
Chalxior,Femtoprism Airfield,railCFA,CFA,rail_308west,Track 11,null,,,,
Chalxior,Femtoprism Airfield,railCFA,CFA,rail_308east,Track 11,null,,,,
,,,,,,,,,,
Chalxior,Western Docks,railCWD,CWD,rail_308west,Track 1,null,,,,
Chalxior,Western Docks,railCWD,CWD,rail_308east,Track 1,null,,,,
,,,,,,,,,,
Chan Bay,null,railCHN,CHN,mcr_501west,null,null,,,,
Chan Bay,null,railCHN,CHN,mcr_501east,null,null,,,,
Chan Bay,null,railCHN,CHN,mcr_509north,null,null,,,,
Chan Bay,null,railCHN,CHN,mcr_509south,null,null,,,,
,,,,,,,,,,
Chansee,null,railCHS,CHS,rail_9north,null,null,,,,
Chansee,null,railCHS,CHS,rail_9south,null,null,,,,
,,,,,,,,,,
Cherrywood,null,railCHY,CHY,rail_10west,null,null,,,,
Cherrywood,null,railCHY,CHY,rail_10east,null,null,,,,
,,,,,,,,,,
Christi,null,railCRS,CRS,rail_1north,Track 1,null,,,,
Christi,null,railCRS,CRS,rail_1south,Track 2,null,,,,
,,,,,,,,,,
Coalwood,null,railCOA,COA,rail_2north,null,null,,,,
Coalwood,null,railCOA,COA,rail_2south,null,null,,,,
,,,,,,,,,,
Conricsto,null,railCON,CON,rail_201west,null,null,,,,
Conricsto,null,railCON,CON,rail_201east,null,null,,,,
Conricsto,null,railCON,CON,mcr_503north,null,null,,,,
Conricsto,null,railCON,CON,mcr_503south,null,null,,,,
Conricsto,null,railCON,CON,mcr_506west,null,null,,,,
Conricsto,null,railCON,CON,mcr_506east,null,null,,,,
,,,,,,,,,,
Cornus,Central,railCOR,COR,rail_1north,Track 1,null,,,,
Cornus,Central,railCOR,COR,rail_1south,Track 4,null,,,,
Cornus,Central,railCOR,COR,rail_1Xnorth,Track 2,null,,,,
Cornus,Central,railCOR,COR,rail_1Xsouth,Track 3,null,,,,
,,,,,,,,,,
Cornwall,Great Union Terminal,railCNW,CNW,rail_5north,Track 4,null,,,,
Cornwall,Great Union Terminal,railCNW,CNW,rail_5south,Track 11,null,,,,
Cornwall,Great Union Terminal,railCNW,CNW,rail_5Xnorth,Track 7,null,,,,
Cornwall,Great Union Terminal,railCNW,CNW,rail_5Xsouth,Track 8,null,,,,
Cornwall,Great Union Terminal,railCNW,CNW,rail_9north,Track 5,null,,,,
Cornwall,Great Union Terminal,railCNW,CNW,rail_9south,Track 10,null,,,,
Cornwall,Great Union Terminal,railCNW,CNW,rail_9Xnorth,Track 6,null,,,,
Cornwall,Great Union Terminal,railCNW,CNW,rail_9Xsouth,Track 9,null,,,,
Cornwall,Great Union Terminal,railCNW,CNW,rail_105west,Track 12,null,,,,
Cornwall,Great Union Terminal,railCNW,CNW,rail_105east,Track 3,null,,,,
,,,,,,,,,,
Covina,Bus Station,railCOV,COV,rail_5Xnorth,null,null,,,,
Covina,Bus Station,railCOV,COV,rail_5Xsouth,null,null,,,,
,,,,,,,,,,
Creeperville,Haneda Airport,railHND,HND,rail_210Enorth,Track 1,null,Creeperville International Airport,,,
Creeperville,Haneda Airport,railHND,HND,rail_210Esouth,Track 2,null,Creeperville International Airport,,,
,,,,,,,,,,
Creeperville,Sakura Park,railCSK,CSK,rail_210Wnorth,Track 3,null,,,,
Creeperville,Sakura Park,railCSK,CSK,rail_210Wsouth,Track 3,null,,,,
Creeperville,Sakura Park,railCSK,CSK,rail_210Enorth,Track 1,null,,,,
Creeperville,Sakura Park,railCSK,CSK,rail_210Esouth,Track 2,null,,,,
,,,,,,,,,,
Creeperville,Shimoko,railCRP,CRP,rail_105west,Track 3,null,,,,
Creeperville,Shimoko,railCRP,CRP,rail_105east,Track 1,null,,,,
Creeperville,Shimoko,railCRP,CRP,rail_210Enorth,Track 2,null,,,,
Creeperville,Shimoko,railCRP,CRP,rail_210Esouth,Track 2,null,,,,
,,,,,,,,,,
Cremona,null,railCRM,CRM,rail_209west,null,null,,,,
Cremona,null,railCRM,CRM,rail_209east,null,null,,,,
,,,,,,,,,,
Dabecco,null,railDAB,DAB,rail_4north,null,null,,,,
Dabecco,null,railDAB,DAB,rail_4south,null,null,,,,
,,,,,,,,,,
Dand,Grand Central,railDND,DND,rail_7north,Track 7,null,,,,
Dand,Grand Central,railDND,DND,rail_7south,Track 7,null,,,,
Dand,Grand Central,railDND,DND,rail_8west,Track 6a,null,,,,
Dand,Grand Central,railDND,DND,rail_8east,Track 5a,null,,,,
,,,,,,,,,,
Dand,Stoneburg Resort,railDNS,DNS,rail_8west,null,null,,,,
Dand,Stoneburg Resort,railDNS,DNS,rail_8east,null,null,,,,
,,,,,,,,,,
Danielston,Paisley Place Transportation Center,railDAN,DAN,rail_2Xnorth,null,null,,,,
Danielston,Paisley Place Transportation Center,railDAN,DAN,rail_2Xsouth,null,null,,,,
,,,,,,,,,,
Deadbush,Blackwater / WMI,railWMI,WMI,mcr_501west,null,null,,,,
Deadbush,Blackwater / WMI,railWMI,WMI,mcr_501east,null,null,,,,
Deadbush,Blackwater / WMI,railWMI,WMI,mcr_507north,null,null,,,,
Deadbush,Blackwater / WMI,railWMI,WMI,mcr_507south,null,null,,,,
,,,,,,,,,,
Deadbush,Centro,railGHW,GHW,rail_310north,Track 3,null,,,,
Deadbush,Centro,railGHW,GHW,rail_310south,Track 3,null,,,,
,,,,,,,,,,
Deadbush,Euphorial,railDBE,DBE,mcr_501west,null,null,,,,
Deadbush,Euphorial,railDBE,DBE,mcr_501east,null,null,,,,
,,,,,,,,,,
Deadbush,Far East Interchange,railDFE,DFE,rail_101west,null,null,,,,
Deadbush,Far East Interchange,railDFE,DFE,rail_101east,null,null,,,,
,,,,,,,,,,
Deadbush,Hacienda Mojito,railMOJ,MOJ,mcr_507north,null,null,,,,
Deadbush,Hacienda Mojito,railMOJ,MOJ,mcr_507south,null,null,,,,
,,,,,,,,,,
Deadbush,Heampstead Kings Cross Railway Terminal,railHMP,HMP,rail_104north,Track 9,null,,,,
Deadbush,Heampstead Kings Cross Railway Terminal,railHMP,HMP,rail_104south,Track 9,null,,,,
,,,,,,,,,,
Deadbush,Karaj Transit Center,railKRJ,KRJ,rail_101west,Platform 10,null,,,,
Deadbush,Karaj Transit Center,railKRJ,KRJ,rail_101east,Platform 9,null,,,,
Deadbush,Karaj Transit Center,railKRJ,KRJ,rail_310north,Platform 8,null,,,,
Deadbush,Karaj Transit Center,railKRJ,KRJ,rail_310south,Platform 8,null,,,,
,,,,,,,,,,
Deadbush,Nord,railDBN,DBN,rail_104north,null,null,,,,
Deadbush,Nord,railDBN,DBN,rail_104south,null,null,,,,
,,,,,,,,,,
Deadbush,Peachtree City / DFM,railDFM,DFM,mcr_501west,Track 1,null,,,,
Deadbush,Peachtree City / DFM,railDFM,DFM,mcr_501east,Track 2,null,,,,
,,,,,,,,,,
Deadbush,Quarryville,railQUA,QUA,mcr_501west,null,null,,,,
Deadbush,Quarryville,railQUA,QUA,mcr_501east,null,null,,,,
,,,,,,,,,,
Deadbush,Valletta,railDBV,DBV,mcr_507north,null,null,,,,
Deadbush,Valletta,railDBV,DBV,mcr_507south,null,null,,,,
,,,,,,,,,,
Deadbush,Volkov Bay,railVKB,VKB,mcr_507north,null,null,,,,
Deadbush,Volkov Bay,railVKB,VKB,mcr_507south,null,null,,,,
,,,,,,,,,,
Deadbush,Wesdorp,railDWD,DWD,rail_101west,Track 3,null,,,,
Deadbush,Wesdorp,railDWD,DWD,rail_101east,Track 3,null,,,,
,,,,,,,,,,
Deadbush,Weezerville,railWEZ,WEZ,mcr_507north,null,null,,,,
Deadbush,Weezerville,railWEZ,WEZ,mcr_507south,null,null,,,,
,,,,,,,,,,
Delta City,Henry Avenue,railDLC,DLC,rail_2north,null,null,,,,
Delta City,Henry Avenue,railDLC,DLC,rail_2south,null,null,,,,
,,,,,,,,,,
Delta City,First Street,railDLF,DLF,mcr_502north,null,null,,,,
Delta City,First Street,railDLF,DLF,mcr_502south,null,null,,,,
,,,,,,,,,,
Delta City,North,railDLN,DLN,mcr_503north,null,null,,,,
Delta City,North,railDLN,DLN,mcr_503south,null,null,,,,
,,,,,,,,,,
Dogwood,Madison Beach Station,railDOG,DOG,rail_3north,Platform 4,null,,,,
Dogwood,Madison Beach Station,railDOG,DOG,rail_3south,Platform 1,null,,,,
,,,,,,,,,,
Eagleshore,null,railEAG,EAG,rail_2north,null,null,,,,
Eagleshore,null,railEAG,EAG,rail_2south,null,null,,,,
,,,,,,,,,,
East Mesa,M. Bubbles Station,railESM,ESM,rail_10Xwest,Track 5,null,,,,
East Mesa,M. Bubbles Station,railESM,ESM,rail_10Xeast,Track 4,null,,,,
East Mesa,M. Bubbles Station,railESM,ESM,rail_213north,Track 3,null,,,,
East Mesa,M. Bubbles Station,railESM,ESM,rail_213south,Track 6,null,,,,
,,,,,,,,,,
Edwardsburg,null,railEDW,EDW,mcr_508west,null,null,navc,,,
Edwardsburg,null,railEDW,EDW,mcr_508east,null,null,navc,,,
,,,,,,,,,,
Eep,null,railEEP,EEP,mcr_501west,Upper Level,null,,,,
Eep,null,railEEP,EEP,mcr_501east,Upper Level,null,,,,
Eep,null,railEEP,EEP,mcr_502north,Lower Level,Track 1,,,,
Eep,null,railEEP,EEP,mcr_502south,Lower Level,Track 1,,,,
Eep,null,railEEP,EEP,mcr_503north,Lower Level,Track 3,,,,
Eep,null,railEEP,EEP,mcr_503south,Lower Level,Track 3,,,,
,,,,,,,,,,
Elecna Bay,Kelvinside Central,railKLV,KLV,rail_7north,Track 19,null,,,,
Elecna Bay,Kelvinside Central,railKLV,KLV,rail_7south,Track 18,null,,,,
Elecna Bay,Kelvinside Central,railKLV,KLV,rail_102west,Track 17,null,,,,
Elecna Bay,Kelvinside Central,railKLV,KLV,rail_102east,Track 20,null,,,,
,,,,,,,,,,
Elecna Bay,North,railEBN,EBN,rail_7north,Track 6,null,,,,
Elecna Bay,North,railEBN,EBN,rail_7south,Track 3,null,,,,
Elecna Bay,North,railEBN,EBN,rail_7Xnorth,Track 5,null,,,,
Elecna Bay,North,railEBN,EBN,rail_7Xsouth,Track 4,null,,,,
Elecna Bay,North,railEBN,EBN,rail_102west,Track 2,null,,,,
Elecna Bay,North,railEBN,EBN,rail_102east,Track 7,null,,,,
,,,,,,,,,,
Endor,null,railEND,END,rail_9north,Track 3,null,,,,
Endor,null,railEND,END,rail_9south,Track 6,null,,,,
Endor,null,railEND,END,rail_9Xnorth,Track 4,null,,,,
Endor,null,railEND,END,rail_9Xsouth,Track 5,null,,,,
,,,,,,,,,,
Enspington,Anbury Square Railway Station,railENS,ENS,rail_215north,Platform 3,null,,,,
Enspington,Anbury Square Railway Station,railENS,ENS,rail_215south,Platform 4,null,,,,
,,,,,,,,,,
Espil,Euvis Transfer,railEUV,EUV,rail_104north,null,null,,,,
Espil,Euvis Transfer,railEUV,EUV,rail_104south,null,null,,,,
,,,,,,,,,,
Espil,Sanders Station,railESP,ESP,rail_104north,Track 2,null,,,,
Espil,Sanders Station,railESP,ESP,rail_104south,Track 2,null,,,,
Espil,Sanders Station,railESP,ESP,rail_201west,Track 1,null,,,,
Espil,Sanders Station,railESP,ESP,rail_201east,Track 1,null,,,,
,,,,,,,,,,
Ezzo City,null,railEZO,EZO,rail_2north,null,null,,,,
Ezzo City,null,railEZO,EZO,rail_2south,null,null,,,,
,,,,,,,,,,
Filipowice,null,railFLP,FLP,rail_6west,Track 6,null,,,,
Filipowice,null,railFLP,FLP,rail_6east,Track 1,null,,,,
,,,,,,,,,,
Formosa,Northern,railFMN,FMN,rail_2north,Track 5,null,,,,
Formosa,Northern,railFMN,FMN,rail_2south,Track 2,null,,,,
Formosa,Northern,railFMN,FMN,rail_2Xnorth,Track 4,null,,,,
Formosa,Northern,railFMN,FMN,rail_2Xsouth,Track 3,null,,,,
Formosa,Northern,railFMN,FMN,rail_303west,Track 1,null,,,,
Formosa,Northern,railFMN,FMN,rail_303east,Track 1,null,,,,
,,,,,,,,,,
UCWT International Airport,East,railCWE,CWE,rail_1north,Track 1,null,Formosa,Sealane,Danielston,Formosa-Sealane-Danielston
UCWT International Airport,East,railCWE,CWE,rail_1south,Track 6,null,Formosa,Sealane,Danielston,Formosa-Sealane-Danielston
UCWT International Airport,East,railCWE,CWE,rail_1Xnorth,Track 2,null,Formosa,Sealane,Danielston,Formosa-Sealane-Danielston
UCWT International Airport,East,railCWE,CWE,rail_1Xsouth,Track 5,null,Formosa,Sealane,Danielston,Formosa-Sealane-Danielston
UCWT International Airport,East,railCWE,CWE,rail_2Xnorth,Track 4,null,Formosa,Sealane,Danielston,Formosa-Sealane-Danielston
UCWT International Airport,East,railCWE,CWE,rail_2Xsouth,Track 3,null,Formosa,Sealane,Danielston,Formosa-Sealane-Danielston
,,,,,,,,,,
UCWT International Airport,West,railCWW,CWW,rail_303west,Track 9,null,Formosa,Sealane,Danielston,Formosa-Sealane-Danielston
UCWT International Airport,West,railCWW,CWW,rail_303east,Track 9,null,Formosa,Sealane,Danielston,Formosa-Sealane-Danielston
,,,,,,,,,,
Foresne,Liveray,railFLV,FLV,rail_8west,null,null,,,,
Foresne,Liveray,railFLV,FLV,rail_8east,null,null,,,,
,,,,,,,,,,
Fort Chipewyan,null,railFCP,FCP,rail_105west,null,null,,,,
Fort Chipewyan,null,railFCP,FCP,rail_105east,null,null,,,,
,,,,,,,,,,
Fort Yaxier,Central,railFYC,FYC,rail_206west,Track 13,null,,,,
Fort Yaxier,Central,railFYC,FYC,rail_206east,Track 13,null,,,,
,,,,,,,,,,
Fortaleza,null,railFTL,FTL,rail_107west,null,null,,,,
Fortaleza,null,railFTL,FTL,rail_107east,null,null,,,,
,,,,,,,,,,
Freedon,Phos City District,railPHO,PHO,rail_5north,Track 3,null,,,,
Freedon,Phos City District,railPHO,PHO,rail_5south,Track 2,null,,,,
Freedon,Phos City District,railPHO,PHO,rail_208north,Track 4,null,,,,
Freedon,Phos City District,railPHO,PHO,rail_208south,Track 1,null,,,,
,,,,,,,,,,
Freedon,Quartzwood Regional Airfield,railFQR,FQR,rail_208north,null,null,,,,
Freedon,Quartzwood Regional Airfield,railFQR,FQR,rail_208south,null,null,,,,
,,,,,,,,,,
Freedon,Silverwood International Airport,railFSI,FSI,rail_208north,null,null,,,,
Freedon,Silverwood International Airport,railFSI,FSI,rail_208south,null,null,,,,
,,,,,,,,,,
Freedon,Town Hall,railFTH,FTH,rail_208north,null,null,,,,
Freedon,Town Hall,railFTH,FTH,rail_208south,null,null,,,,
,,,,,,,,,,
Freshney,null,railFSH,FSH,rail_107west,null,null,,,,
Freshney,null,railFSH,FSH,rail_107east,null,null,,,,
,,,,,,,,,,
Fulton,null,railFUL,FUL,rail_8west,null,null,,,,
Fulton,null,railFUL,FUL,rail_8east,null,null,,,,
,,,,,,,,,,
Funnyland,null,railFUN,FUN,rail_6west,Track 4,null,,,,
Funnyland,null,railFUN,FUN,rail_6east,Track 1,null,,,,
,,,,,,,,,,
Gemstride,null,railGEM,GEM,mcr_501west,null,null,,,,
Gemstride,null,railGEM,GEM,mcr_501east,null,null,,,,
,,,,,,,,,,
Geneva Bay,Hendon Road,railGNV,GNV,rail_210Enorth,null,null,,,,
Geneva Bay,Hendon Road,railGNV,GNV,rail_210Esouth,null,null,,,,
,,,,,,,,,,
Geneva Bay-Shadowpoint,New Indigo International Airport,railGBE,GBE,rail_210Enorth,null,null,Geneva Bay New Indigo International Airport,,,
Geneva Bay-Shadowpoint,New Indigo International Airport,railGBE,GBE,rail_210Esouth,null,null,Geneva Bay New Indigo International Airport,,,
,,,,,,,,,,
Grayzen,Central,railGZC,GZC,rail_306north,null,null,,,,
Grayzen,Central,railGZC,GZC,rail_306south,null,null,,,,
,,,,,,,,,,
Grayzen,Financial District,railGZF,GZF,rail_306north,null,null,,,,
Grayzen,Financial District,railGZF,GZF,rail_306south,null,null,,,,
,,,,,,,,,,
Grayzen,National Airport,railGZA,GZA,rail_207north,Track 3,null,,,,
Grayzen,National Airport,railGZA,GZA,rail_207south,Track 1,null,,,,
Grayzen,National Airport,railGZA,GZA,rail_306north,Track 2,null,,,,
Grayzen,National Airport,railGZA,GZA,rail_306south,Track 2,null,,,,
,,,,,,,,,,
Greenfields,null,railGNF,GNF,rail_5north,null,null,,,,
Greenfields,null,railGNF,GNF,rail_5south,null,null,,,,
,,,,,,,,,,
Grisville,null,railGRS,GRS,rail_9north,Track 1,null,,,,
Grisville,null,railGRS,GRS,rail_9south,Track 1,null,,,,
Grisville,null,railGRS,GRS,rail_9Xnorth,Track 2,null,,,,
Grisville,null,railGRS,GRS,rail_9Xsouth,Track 2,null,,,,
,,,,,,,,,,
Halberd Bay,null,railHAL,HAL,rail_2north,null,null,,,,
Halberd Bay,null,railHAL,HAL,rail_2south,null,null,,,,
,,,,,,,,,,
Haskaa,null,railHSK,HSK,rail_305north,null,null,,,,
Haskaa,null,railHSK,HSK,rail_305south,null,null,,,,
,,,,,,,,,,
Heights City,null,railHGT,HGT,rail_4north,Track 1,null,,,,
Heights City,null,railHGT,HGT,rail_4south,Track 2,null,,,,
,,,,,,,,,,
Hendon,Harrow Road,railHEN,HEN,rail_210Wnorth,null,null,,,,
Hendon,Harrow Road,railHEN,HEN,rail_210Wsouth,null,null,,,,
,,,,,,,,,,
Hendon,Wembley Stadium,railWEM,WEM,rail_210Wnorth,Platform 4,null,New Cainport Riverside Stadium,,,
Hendon,Wembley Stadium,railWEM,WEM,rail_210Wsouth,Platform 1,null,New Cainport Riverside Stadium,,,
,,,,,,,,,,
Hytown,Union,railHYT,HYT,rail_214west,Track 1,null,,,,
Hytown,Union,railHYT,HYT,rail_214east,Track 4,null,,,,
,,,,,,,,,,
Icelake,null,railICL,ICL,rail_214west,null,null,,,,
Icelake,null,railICL,ICL,rail_214east,null,null,,,,
,,,,,,,,,,
Ilirea,Airport Station,railIXM,IXM,rail_2north,Track 16,null,Ilirea Midcity Airport,Midcity Airport,,
Ilirea,Airport Station,railIXM,IXM,rail_2south,Track 11,null,Ilirea Midcity Airport,Midcity Airport,,
Ilirea,Airport Station,railIXM,IXM,rail_2Xnorth,Track 15,null,Ilirea Midcity Airport,Midcity Airport,,
Ilirea,Airport Station,railIXM,IXM,rail_2Xsouth,Track 12,null,Ilirea Midcity Airport,Midcity Airport,,
Ilirea,Airport Station,railIXM,IXM,rail_107Xwest,Track 14,null,Ilirea Midcity Airport,Midcity Airport,,
Ilirea,Airport Station,railIXM,IXM,rail_107Xeast,Track 13,null,Ilirea Midcity Airport,Midcity Airport,,
,,,,,,,,,,
Ilirea,Transit Center,railITC,ITC,rail_2north,Track 1A,null,,,,
Ilirea,Transit Center,railITC,ITC,rail_2south,Track 3,null,,,,
Ilirea,Transit Center,railITC,ITC,rail_2Xnorth,Track 1,null,,,,
Ilirea,Transit Center,railITC,ITC,rail_2Xsouth,Track 2,null,,,,
,,,,,,,,,,
Isle of Chez,null,railCHZ,CHZ,rail_4north,null,null,,,,
Isle of Chez,null,railCHZ,CHZ,rail_4south,null,null,,,,
,,,,,,,,,,
Itomori,West,railITW,ITW,rail_103north,Track 4,null,,,,
Itomori,West,railITW,ITW,rail_103south,Track 1,null,,,,
,,,,,,,,,,
Izumo,null,railIZU,IZU,rail_208north,null,null,,,,
Izumo,null,railIZU,IZU,rail_208south,null,null,,,,
,,,,,,,,,,
Jaikrunda,null,railJAI,JAI,rail_5north,null,null,,,,
Jaikrunda,null,railJAI,JAI,rail_5south,null,null,,,,
,,,,,,,,,,
Jeb,null,railJEB,JEB,rail_2north,null,null,,,,
Jeb,null,railJEB,JEB,rail_2south,null,null,,,,
,,,,,,,,,,
Jungleville,null,railJUN,JUN,rail_9north,null,null,,,,
Jungleville,null,railJUN,JUN,rail_9south,null,null,,,,
,,,,,,,,,,
Kaleville,null,railKLE,KLE,rail_10Xwest,null,null,,,,
Kaleville,null,railKLE,KLE,rail_10Xeast,null,null,,,,
,,,,,,,,,,
Kaloro City,Central,railKCC,KCC,rail_1Xnorth,null,null,,,,
Kaloro City,Central,railKCC,KCC,rail_1Xsouth,null,null,,,,
Kaloro City,Central,railKCC,KCC,rail_6west,null,null,,,,
Kaloro City,Central,railKCC,KCC,rail_6east,null,null,,,,
Kaloro City,Central,railKCC,KCC,rail_217west,null,null,,,,
Kaloro City,Central,railKCC,KCC,rail_217east,null,null,,,,
,,,,,,,,,,
Kaloro City,Sports Park,railKSP,KSP,rail_1Xnorth,Track 18,null,,,,
Kaloro City,Sports Park,railKSP,KSP,rail_1Xsouth,Track 19,null,,,,
Kaloro City,Sports Park,railKSP,KSP,rail_6west,Track 17,null,,,,
Kaloro City,Sports Park,railKSP,KSP,rail_6east,Track 20,null,,,,
,,,,,,,,,,
Kanterlyn,null,railKAN,KAN,mcr_501west,null,null,,,,
Kanterlyn,null,railKAN,KAN,mcr_501east,null,null,,,,
,,,,,,,,,,
Kenthurst,Aerodrome,railKNT,KNT,rail_2north,Track 4,null,,,,
Kenthurst,Aerodrome,railKNT,KNT,rail_2south,Track 1,null,,,,
Kenthurst,Aerodrome,railKNT,KNT,rail_2Xnorth,Track 3,null,,,,
Kenthurst,Aerodrome,railKNT,KNT,rail_2Xsouth,Track 2,null,,,,
,,,,,,,,,,
Kenthurst,Xenonite,railKNX,KNX,rail_2north,Track 4,null,,,,
Kenthurst,Xenonite,railKNX,KNX,rail_2south,Track 1,null,,,,
Kenthurst,Xenonite,railKNX,KNX,rail_2Xnorth,Track 3,null,,,,
Kenthurst,Xenonite,railKNX,KNX,rail_2Xsouth,Track 2,null,,,,
,,,,,,,,,,
Kevtropolis,null,railKEV,KEV,rail_9north,null,null,,,,
Kevtropolis,null,railKEV,KEV,rail_9south,null,null,,,,
,,,,,,,,,,
Kolpino,City Airport,railKPC,KPC,rail_205west,null,null,,,,
Kolpino,City Airport,railKPC,KPC,rail_205east,null,null,,,,
,,,,,,,,,,
Kolpino,Lubov Avenue,railKLP,KLP,rail_205west,null,null,,,,
Kolpino,Lubov Avenue,railKLP,KLP,rail_205east,null,null,,,,
,,,,,,,,,,
Konawa-Lanark,Horizon National Airport,railHZN,HZN,rail_1north,Track 1,null,Lanark,Konawa,,
Konawa-Lanark,Horizon National Airport,railHZN,HZN,rail_1south,Track 4,null,Lanark,Konawa,,
Konawa-Lanark,Horizon National Airport,railHZN,HZN,rail_1Xnorth,Track 2,null,Lanark,Konawa,,
Konawa-Lanark,Horizon National Airport,railHZN,HZN,rail_1Xsouth,Track 3,null,Lanark,Konawa,,
Konawa-Lanark,Horizon National Airport,railHZN,HZN,rail_3Xnorth,Track 6,null,Lanark,Konawa,,
Konawa-Lanark,Horizon National Airport,railHZN,HZN,rail_3Xsouth,Track 5,null,Lanark,Konawa,,
,,,,,,,,,,
Kwai Tin,null,railKWI,KWI,rail_3north,Track 1,null,,,,
Kwai Tin,null,railKWI,KWI,rail_3south,Track 4,null,,,,
,,,,,,,,,,
Laarbroek,null,railLRB,LRB,rail_3north,Track 1,null,,,,
Laarbroek,null,railLRB,LRB,rail_3south,Track 4,null,,,,
,,,,,,,,,,
Laclede,Airport Plaza,railLHT,LHT,rail_1north,Track 5,null,,,,
Laclede,Airport Plaza,railLHT,LHT,rail_1south,Track 2,null,,,,
Laclede,Airport Plaza,railLHT,LHT,rail_1Xnorth,Track 4,null,,,,
Laclede,Airport Plaza,railLHT,LHT,rail_1Xsouth,Track 3,null,,,,
Laclede,Airport Plaza,railLHT,LHT,rail_202west,Track 6,null,,,,
Laclede,Airport Plaza,railLHT,LHT,rail_202Awest,Track 6,null,,,,
Laclede,Airport Plaza,railLHT,LHT,rail_202east,Track 1,null,,,,
,,,,,,,,,,
Laclede,Central,railLAC,LAC,rail_1north,Platform 2,null,,,,
Laclede,Central,railLAC,LAC,rail_1south,Platform 5,null,,,,
Laclede,Central,railLAC,LAC,rail_1Xnorth,Platform 3,null,,,,
Laclede,Central,railLAC,LAC,rail_1Xsouth,Platform 4,null,,,,
Laclede,Central,railLAC,LAC,rail_202west,Platform 1,null,,,,
Laclede,Central,railLAC,LAC,rail_202Awest,Platform 1,null,,,,
Laclede,Central,railLAC,LAC,rail_202east,Platform 6,null,,,,
,,,,,,,,,,
Laclede,Theater District - Xavier Airport,railLTH,LTH,rail_202west,Track 1,null,St. Francis Xavier Airport,Saint Francis Xavier Airport,,
Laclede,Theater District - Xavier Airport,railLTH,LTH,rail_202Awest,Track 1,null,St. Francis Xavier Airport,Saint Francis Xavier Airport,,
Laclede,Theater District - Xavier Airport,railLTH,LTH,rail_202east,Track 2,null,St. Francis Xavier Airport,Saint Francis Xavier Airport,,
,,,,,,,,,,
Lakeview,University Transit Centre,railLKE,LKE,rail_106west,Track 16,null,,,,
Lakeview,University Transit Centre,railLKE,LKE,rail_106east,Track 17,null,,,,
Lakeview,University Transit Centre,railLKE,LKE,mcr_505west,Track 15,null,,,,
Lakeview,University Transit Centre,railLKE,LKE,mcr_505east,Track 18,null,,,,
,,,,,,,,,,
Lanark,Central,railLAN,LAN,rail_1north,Track 1,null,,,,
Lanark,Central,railLAN,LAN,rail_1south,Track 4,null,,,,
Lanark,Central,railLAN,LAN,rail_1Xnorth,Track 2,null,,,,
Lanark,Central,railLAN,LAN,rail_1Xsouth,Track 3,null,,,,
Lanark,Central,railLAN,LAN,rail_3Xnorth,Track 5,null,,,,
Lanark,Central,railLAN,LAN,rail_3Xsouth,Track 5,null,,,,
Lanark,Central,railLAN,LAN,rail_203north,Track 6,null,,,,
Lanark,Central,railLAN,LAN,rail_203south,Track 6,null,,,,
,,,,,,,,,,
Langley Heath,null,railLNG,LNG,rail_5north,Track 2,null,,,,
Langley Heath,null,railLNG,LNG,rail_5south,Track 1,null,,,,
,,,,,,,,,,
Lapis Bay,Expo East Airport,railLBX,LBX,rail_10west,Track 1,null,,,,
Lapis Bay,Expo East Airport,railLBX,LBX,rail_10east,Track 4,null,,,,
Lapis Bay,Expo East Airport,railLBX,LBX,rail_10Xwest,Track 2,null,,,,
Lapis Bay,Expo East Airport,railLBX,LBX,rail_10Xeast,Track 3,null,,,,
,,,,,,,,,,
Lapis Bay,Venessa Bay,railLAP,LAP,rail_10west,Track 4,null,,,,
Lapis Bay,Venessa Bay,railLAP,LAP,rail_10east,Track 1,null,,,,
Lapis Bay,Venessa Bay,railLAP,LAP,rail_10Xwest,Track 3,null,,,,
Lapis Bay,Venessa Bay,railLAP,LAP,rail_10Xeast,Track 2,null,,,,
,,,,,,,,,,
Larkspur,Beckham Cross Terminal,railLRK,LRK,rail_211north,null,null,,,,
Larkspur,Beckham Cross Terminal,railLRK,LRK,rail_211south,null,null,,,,
Larkspur,Beckham Cross Terminal,railLRK,LRK,rail_214west,null,null,,,,
Larkspur,Beckham Cross Terminal,railLRK,LRK,rail_214east,null,null,,,,
,,,,,,,,,,
Larkspur,Lilyflower International Airport,railLAR,LAR,rail_211north,Track 4,null,,,,
Larkspur,Lilyflower International Airport,railLAR,LAR,rail_211south,Track 1,null,,,,
Larkspur,Lilyflower International Airport,railLAR,LAR,rail_214west,Track 2,null,,,,
Larkspur,Lilyflower International Airport,railLAR,LAR,rail_214east,Track 3,null,,,,
,,,,,,,,,,
Lawrenceville,null,railLAW,LAW,rail_107west,null,null,,,,
Lawrenceville,null,railLAW,LAW,rail_107east,null,null,,,,
,,,,,,,,,,
Lazure,null,railLAZ,LAZ,rail_10west,null,null,,,,
Lazure,null,railLAZ,LAZ,rail_10east,null,null,,,,
,,,,,,,,,,
Levittown,East,railLEV,LEV,rail_7north,Track 4,null,,,,
Levittown,East,railLEV,LEV,rail_7south,Track 1,null,,,,
,,,,,,,,,,
Lichtenburg,null,railLCH,LCH,rail_8west,null,null,,,,
Lichtenburg,null,railLCH,LCH,rail_8east,null,null,,,,
,,,,,,,,,,
Wurst,null,railWRS,WRS,rail_212north,null,null,Llanrwst Newydd,,,
Wurst,null,railWRS,WRS,rail_212south,null,null,Llanrwst Newydd,,,
,,,,,,,,,,
Lochminehead,Trijunction,railTRI,TRI,rail_106west,Track 6,null,,,,
Lochminehead,Trijunction,railTRI,TRI,rail_106east,Track 3,null,,,,
,,,,,,,,,,
Los Angeles,Florensia Memorial Station,railFLO,FLO,rail_6west,null,null,Achowalogen Takachsin,,,
Los Angeles,Florensia Memorial Station,railFLO,FLO,rail_6east,null,null,Achowalogen Takachsin,,,
,,,,,,,,,,
Los Angeles-Farwater,Union Station,railLAF,LAF,rail_5north,Track 7,null,Los Angeles,Farwater,,
Los Angeles-Farwater,Union Station,railLAF,LAF,rail_5south,Track 14,null,Los Angeles,Farwater,,
Los Angeles-Farwater,Union Station,railLAF,LAF,rail_5Xnorth,Track 8,null,Los Angeles,Farwater,,
Los Angeles-Farwater,Union Station,railLAF,LAF,rail_5Xsouth,Track 13,null,Los Angeles,Farwater,,
Los Angeles-Farwater,Union Station,railLAF,LAF,rail_6west,Track 6,null,Los Angeles,Farwater,,
Los Angeles-Farwater,Union Station,railLAF,LAF,rail_6east,Track 15,null,Los Angeles,Farwater,,
Los Angeles-Farwater,Union Station,railLAF,LAF,rail_10west,Track 17,null,Los Angeles,Farwater,,
Los Angeles-Farwater,Union Station,railLAF,LAF,rail_10east,Track 4,null,Los Angeles,Farwater,,
Los Angeles-Farwater,Union Station,railLAF,LAF,rail_10Xwest,Track 16,null,Los Angeles,Farwater,,
Los Angeles-Farwater,Union Station,railLAF,LAF,rail_10Xeast,Track 5,null,Los Angeles,Farwater,,
,,,,,,,,,,
Lucerne,null,railLUC,LUC,rail_3north,null,null,,,,
Lucerne,null,railLUC,LUC,rail_3south,null,null,,,,
,,,,,,,,,,
Lumia,National Park,railLUM,LUM,rail_9north,null,null,,,,
Lumia,National Park,railLUM,LUM,rail_9south,null,null,,,,
,,,,,,,,,,
MRT Marina,null,railMMN,MMN,rail_207north,Track 3,null,,,,
MRT Marina,null,railMMN,MMN,rail_207south,Track 1,null,,,,
MRT Marina,null,railMMN,MMN,rail_307north,Track 2,null,,,,
MRT Marina,null,railMMN,MMN,rail_307south,Track 2,null,,,,
,,,,,,,,,,
Mallison,null,railMAL,MAL,mcr_502north,Track 1,null,,,,
Mallison,null,railMAL,MAL,mcr_502south,Track 2,null,,,,
Mallison,null,railMAL,MAL,mcr_503north,Track 3,null,,,,
Mallison,null,railMAL,MAL,mcr_503south,Track 4,null,,,,
,,,,,,,,,,
Manhasset,null,railMAN,MAN,rail_9north,null,null,,,,
Manhasset,null,railMAN,MAN,rail_9south,null,null,,,,
,,,,,,,,,,
Marblegate,Centraal,railMRB,MRB,rail_106west,null,null,,,,
Marblegate,Centraal,railMRB,MRB,rail_106east,null,null,,,,
,,,,,,,,,,
Marblegate-Lakeview,Heathrow Airport,railMLH,MLH,mcr_505west,Track 4,null,,,,
Marblegate-Lakeview,Heathrow Airport,railMLH,MLH,mcr_505east,Track 4,null,,,,
,,,,,,,,,,
Mason City,International Airport,railMCI,MCI,rail_4north,Track 4,null,,,,
Mason City,International Airport,railMCI,MCI,rail_4south,Track 1,null,,,,
Mason City,International Airport,railMCI,MCI,rail_4Xnorth,Track 3,null,,,,
Mason City,International Airport,railMCI,MCI,rail_4Xsouth,Track 2,null,,,,
,,,,,,,,,,
Mason City,King Redtie III Station,railMAS,MAS,rail_4north,Platform A,null,,,,
Mason City,King Redtie III Station,railMAS,MAS,rail_4south,Platform D,null,,,,
Mason City,King Redtie III Station,railMAS,MAS,rail_4Xnorth,Platform B,null,,,,
Mason City,King Redtie III Station,railMAS,MAS,rail_4Xsouth,Platform C,null,,,,
,,,,,,,,,,
Matheson,Araya Avenue,railMTH,MTH,rail_2north,Track 2,null,,,,
Matheson,Araya Avenue,railMTH,MTH,rail_2south,Track 1,null,,,,
Matheson,Araya Avenue,railMTH,MTH,rail_4north,Track 4,null,,,,
Matheson,Araya Avenue,railMTH,MTH,rail_4south,Track 3,null,,,,
,,,,,,,,,,
Matheson,Lombardo Avenue,railMMR,MMR,mcr_502north,null,null,,,,
Matheson,Lombardo Avenue,railMMR,MMR,mcr_502south,null,null,,,,
,,,,,,,,,,
MeTromso,null,railTRM,TRM,rail_7north,null,null,,,,
MeTromso,null,railTRM,TRM,rail_7south,null,null,,,,
,,,,,,,,,,
Mega Motion City,null,railMMC,MMC,rail_2north,null,null,,,,
Mega Motion City,null,railMMC,MMC,rail_2south,null,null,,,,
,,,,,,,,,,
Merritt Lakes,null,railMRT,MRT,rail_5north,null,null,,,,
Merritt Lakes,null,railMRT,MRT,rail_5south,null,null,,,,
Merritt Lakes,null,railMRT,MRT,rail_105west,null,null,,,,
Merritt Lakes,null,railMRT,MRT,rail_105east,null,null,,,,
,,,,,,,,,,
Metamesa,Central,railMET,MET,rail_10Xwest,Track 9,null,,,,
Metamesa,Central,railMET,MET,rail_10Xeast,Track 10,null,,,,
,,,,,,,,,,
Miu Sai,null,railSAI,SAI,rail_3north,Track 1,null,,,,
Miu Sai,null,railSAI,SAI,rail_3south,Track 4,null,,,,
,,,,,,,,,,
Miu Wan,Kau Heung Airport,railMWK,MWK,rail_214west,Track 3,null,,,,
Miu Wan,Kau Heung Airport,railMWK,MWK,rail_214east,Track 4,null,,,,
,,,,,,,,,,
Miu Wan,Tseng Tsz Leng International Airport Terminal 1,railTLA,TLA,rail_3north,Track 1,null,,,,
Miu Wan,Tseng Tsz Leng International Airport Terminal 1,railTLA,TLA,rail_3south,Track 8,null,,,,
Miu Wan,Tseng Tsz Leng International Airport Terminal 1,railTLA,TLA,rail_3Xnorth,Track 3,null,,,,
Miu Wan,Tseng Tsz Leng International Airport Terminal 1,railTLA,TLA,rail_3Xsouth,Track 6,null,,,,
,,,,,,,,,,
Miu Wan,Tseng Tsz Leng International Airport Terminal 2,railTLB,TLB,rail_3north,Track 1,null,,,,
Miu Wan,Tseng Tsz Leng International Airport Terminal 2,railTLB,TLB,rail_3south,Track 4,null,,,,
,,,,,,,,,,
Mojang Town,Transit Hub,railMJT,MJT,rail_107west,Track 8,null,,,,
Mojang Town,Transit Hub,railMJT,MJT,rail_107east,Track 8,null,,,,
Mojang Town,Transit Hub,railMJT,MJT,rail_107Xwest,Track 7,null,,,,
Mojang Town,Transit Hub,railMJT,MJT,rail_107Xeast,Track 7,null,,,,
,,,,,,,,,,
Moleville,null,railMOL,MOL,rail_2north,null,null,,,,
Moleville,null,railMOL,MOL,rail_2south,null,null,,,,
,,,,,,,,,,
Mons Pratus,Transportation Hub,railMON,MON,rail_1north,Platform 2,null,,,,
Mons Pratus,Transportation Hub,railMON,MON,rail_1south,Platform 1,null,,,,
Mons Pratus,Transportation Hub,railMON,MON,rail_204north,Platform 7,null,,,,
Mons Pratus,Transportation Hub,railMON,MON,rail_204south,Platform 7,null,,,,
,,,,,,,,,,
Mons Pratus,Vashann,railVSH,VSH,rail_204north,null,null,,,,
Mons Pratus,Vashann,railVSH,VSH,rail_204south,null,null,,,,
,,,,,,,,,,
Montagnas,null,railMTG,MTG,rail_106west,null,null,,,,
Montagnas,null,railMTG,MTG,rail_106east,null,null,,,,
,,,,,,,,,,
Moramoa,Mixed Martial Arts Airfield,railMMA,MMA,rail_6west,Track 4,null,,,,
Moramoa,Mixed Martial Arts Airfield,railMMA,MMA,rail_6east,Track 2,null,,,,
Moramoa,Mixed Martial Arts Airfield,railMMA,MMA,rail_215north,Track 3,null,,,,
Moramoa,Mixed Martial Arts Airfield,railMMA,MMA,rail_215south,Track 3,null,,,,
,,,,,,,,,,
Morihama,null,railMOR,MOR,rail_2north,Track 6,null,,,,
Morihama,null,railMOR,MOR,rail_2south,Track 1,null,,,,
Morihama,null,railMOR,MOR,rail_2Xnorth,Track 4,null,,,,
Morihama,null,railMOR,MOR,rail_2Xsouth,Track 3,null,,,,
Morihama,null,railMOR,MOR,rail_107Xwest,Track 5,null,,,,
Morihama,null,railMOR,MOR,rail_107Xeast,Track 2,null,,,,
,,,,,,,,,,
Murrville,Central,railMUR,MUR,rail_7Xnorth,Track 10,null,,,,
Murrville,Central,railMUR,MUR,rail_7Xsouth,Track 9,null,,,,
Murrville,Central,railMUR,MUR,rail_8west,Track 11,null,,,,
Murrville,Central,railMUR,MUR,rail_8east,Track 8,null,,,,
Murrville,Central,railMUR,MUR,rail_209west,Track 12,null,,,,
Murrville,Central,railMUR,MUR,rail_209east,Track 7,null,,,,
,,,,,,,,,,
Murrville-Arcadia,International Airport,railMAX,MAX,rail_7Xnorth,Track 4,null,Murrville,Arcadia,,
Murrville-Arcadia,International Airport,railMAX,MAX,rail_7Xsouth,Track 3,null,Murrville,Arcadia,,
Murrville-Arcadia,International Airport,railMAX,MAX,rail_8west,Track 5,null,Murrville,Arcadia,,
Murrville-Arcadia,International Airport,railMAX,MAX,rail_8east,Track 2,null,Murrville,Arcadia,,
Murrville-Arcadia,International Airport,railMAX,MAX,rail_209west,Track 6,null,Murrville,Arcadia,,
Murrville-Arcadia,International Airport,railMAX,MAX,rail_209east,Track 1,null,Murrville,Arcadia,,
,,,,,,,,,,
Musique,Bayview Avenue,railMUS,MUS,rail_2north,null,null,,,,
Musique,Bayview Avenue,railMUS,MUS,rail_2south,null,null,,,,
Musique,Bayview Avenue,railMUS,MUS,rail_201west,null,null,,,,
Musique,Bayview Avenue,railMUS,MUS,rail_201east,null,null,,,,
Musique,Bayview Avenue,railMUS,MUS,mcr_506west,Platform B,null,,,,
Musique,Bayview Avenue,railMUS,MUS,mcr_506east,Platform A,null,,,,
,,,,,,,,,,
Musique,Spruce Mountain,railMSM,MSM,mcr_506west,null,null,,,,
Musique,Spruce Mountain,railMSM,MSM,mcr_506east,null,null,,,,
,,,,,,,,,,
Nauvis,null,railNAU,NAU,rail_2north,null,null,,,,
Nauvis,null,railNAU,NAU,rail_2south,null,null,,,,
,,,,,,,,,,
Nekomura,Central,railNEK,NEK,mcr_509north,Platform 1,null,,,,
Nekomura,Central,railNEK,NEK,mcr_509south,Platform 2,null,,,,
,,,,,,,,,,
New Acreadium,Central District,railNAC,NAC,rail_4north,Track 12,null,,,,
New Acreadium,Central District,railNAC,NAC,rail_4south,Track 7,null,,,,
New Acreadium,Central District,railNAC,NAC,rail_6west,Track 6,null,,,,
New Acreadium,Central District,railNAC,NAC,rail_6east,Track 1,null,,,,
,,,,,,,,,,
New Acreadium,Schiphol Airport,railSIA,SIA,rail_1Xnorth,Track 6,null,,,,
New Acreadium,Schiphol Airport,railSIA,SIA,rail_1Xsouth,Track 5,null,,,,
New Acreadium,Schiphol Airport,railSIA,SIA,rail_4north,Track 21,null,,,,
New Acreadium,Schiphol Airport,railSIA,SIA,rail_4south,Track 12,null,,,,
New Acreadium,Schiphol Airport,railSIA,SIA,rail_4Xnorth,Track 17,null,,,,
New Acreadium,Schiphol Airport,railSIA,SIA,rail_4Xsouth,Track 16,null,,,,
New Acreadium,Schiphol Airport,railSIA,SIA,rail_6west,Track 10,null,,,,
New Acreadium,Schiphol Airport,railSIA,SIA,rail_6east,Track 1,null,,,,
,,,,,,,,,,
New Ashmore,null,railNAS,NAS,rail_10Xwest,null,null,,,,
New Ashmore,null,railNAS,NAS,rail_10Xeast,null,null,,,,
,,,,,,,,,,
New Bakersville City,Bay Parkway,railNBB,NBB,rail_5north,Track 3,null,,,,
New Bakersville City,Bay Parkway,railNBB,NBB,rail_5south,Track 2,null,,,,
New Bakersville City,Bay Parkway,railNBB,NBB,rail_6west,Track 4,null,,,,
New Bakersville City,Bay Parkway,railNBB,NBB,rail_6east,Track 1,null,,,,
,,,,,,,,,,
New Bakersville City,Midtown Railway Station,railNBM,NBM,rail_5north,Track 11,null,,,,
New Bakersville City,Midtown Railway Station,railNBM,NBM,rail_5south,Track 7,null,,,,
New Bakersville City,Midtown Railway Station,railNBM,NBM,rail_5Xnorth,Track 9,null,,,,
New Bakersville City,Midtown Railway Station,railNBM,NBM,rail_5Xsouth,Track 8,null,,,,
New Bakersville City,Midtown Railway Station,railNBM,NBM,rail_6west,Track 12,null,,,,
New Bakersville City,Midtown Railway Station,railNBM,NBM,rail_6east,Track 6,null,,,,
,,,,,,,,,,
New Bakersville City,North,railNBC,NBC,rail_5north,null,null,New Bakersville City Airfield,,,
New Bakersville City,North,railNBC,NBC,rail_5south,null,null,New Bakersville City Airfield,,,
New Bakersville City,North,railNBC,NBC,rail_6west,null,null,New Bakersville City Airfield,,,
New Bakersville City,North,railNBC,NBC,rail_6east,null,null,New Bakersville City Airfield,,,
,,,,,,,,,,
New Bark Town,null,railNBT,NBT,rail_5north,null,null,,,,
New Bark Town,null,railNBT,NBT,rail_5south,null,null,,,,
,,,,,,,,,,
New Beginnings,Bus Terminal,railNBU,NBU,mcr_502north,null,null,,,,
New Beginnings,Bus Terminal,railNBU,NBU,mcr_502south,null,null,,,,
,,,,,,,,,,
New Beginnings,North,railNBN,NBN,mcr_505west,null,null,,,,
New Beginnings,North,railNBN,NBN,mcr_505east,null,null,,,,
,,,,,,,,,,
New Gensokyo,Hakurei Shrine,railNGN,NGN,rail_1Xnorth,Track 9,null,,,,
New Gensokyo,Hakurei Shrine,railNGN,NGN,rail_1Xsouth,Track 4,null,,,,
New Gensokyo,Hakurei Shrine,railNGN,NGN,rail_6west,Track 12,null,,,,
New Gensokyo,Hakurei Shrine,railNGN,NGN,rail_6east,Track 1,null,,,,
,,,,,,,,,,
New Gensokyo,Regional Airport,railNGY,NGY,rail_1Xnorth,Track 6,null,,,,
New Gensokyo,Regional Airport,railNGY,NGY,rail_1Xsouth,Track 7,null,,,,
New Gensokyo,Regional Airport,railNGY,NGY,rail_6west,Track 1,null,,,,
New Gensokyo,Regional Airport,railNGY,NGY,rail_6east,Track 12,null,,,,
,,,,,,,,,,
New Phoenix,null,railPHX,PHX,rail_4north,Track 5,null,,,,
New Phoenix,null,railPHX,PHX,rail_4south,Track 2,null,,,,
New Phoenix,null,railPHX,PHX,rail_4Xnorth,Track 4,null,,,,
New Phoenix,null,railPHX,PHX,rail_4Xsouth,Track 3,null,,,,
New Phoenix,null,railPHX,PHX,rail_210Wnorth,Track 6,null,,,,
New Phoenix,null,railPHX,PHX,rail_210Wsouth,Track 6,null,,,,
New Phoenix,null,railPHX,PHX,rail_210Enorth,Track 1,null,,,,
New Phoenix,null,railPHX,PHX,rail_210Esouth,Track 1,null,,,,
,,,,,,,,,,
New Stone City,Intermodal Hub,railNSC,NSC,mcr_504north,null,null,New Stone City South,,,
New Stone City,Intermodal Hub,railNSC,NSC,mcr_504south,null,null,New Stone City South,,,
,,,,,,,,,,
New Stone City,V43,railNSV,NSV,mcr_504north,null,null,New Stone City V44,V44,,
New Stone City,V43,railNSV,NSV,mcr_504south,null,null,New Stone City V44,V44,,
,,,,,,,,,,
New Terra,null,railTER,TER,mcr_506west,null,null,Formosa,,,
New Terra,null,railTER,TER,mcr_506east,null,null,Formosa,,,
,,,,,,,,,,
Newport-on-Tay,null,railNPT,NPT,rail_4north,null,null,,,,
Newport-on-Tay,null,railNPT,NPT,rail_4south,null,null,,,,
,,,,,,,,,,
Nightingale,null,railNGT,NGT,rail_10Xwest,null,null,,,,
Nightingale,null,railNGT,NGT,rail_10Xeast,null,null,,,,
,,,,,,,,,,
Nippia,null,railNIP,NIP,rail_1Xnorth,Track 6,null,,,,
Nippia,null,railNIP,NIP,rail_1Xsouth,Track 3,null,,,,
Nippia,null,railNIP,NIP,rail_4north,Track 7,null,,,,
Nippia,null,railNIP,NIP,rail_4south,Track 2,null,,,,
Nippia,null,railNIP,NIP,rail_4Xnorth,Track 5,null,,,,
Nippia,null,railNIP,NIP,rail_4Xsouth,Track 4,null,,,,
Nippia,null,railNIP,NIP,rail_105west,Track 1,null,,,,
Nippia,null,railNIP,NIP,rail_105east,Track 8,null,,,,
,,,,,,,,,,
Niwen,Train Station,railNIW,NIW,rail_6west,Track 6,null,,,,
Niwen,Train Station,railNIW,NIW,rail_6east,Track 1,null,,,,
,,,,,,,,,,
North Haven,Downtown,railNHD,NHD,rail_4north,null,null,,,,
North Haven,Downtown,railNHD,NHD,rail_4south,null,null,,,,
,,,,,,,,,,
North Haven,Riverside Airfield,railNHR,NHR,rail_4north,null,null,,,,
North Haven,Riverside Airfield,railNHR,NHR,rail_4south,null,null,,,,
,,,,,,,,,,
Northberg,South Station,railNSS,NSS,rail_5north,Platform 4,null,,,,
Northberg,South Station,railNSS,NSS,rail_5south,Platform 3,null,,,,
Northberg,South Station,railNSS,NSS,rail_5Xnorth,Platform 5,null,,,,
Northberg,South Station,railNSS,NSS,rail_5Xsouth,Platform 2,null,,,,
,,,,,,,,,,
Northlend,Union Station,railNLD,NLD,rail_6west,Track 4,null,,,,
Northlend,Union Station,railNLD,NLD,rail_6east,Track 1,null,,,,
,,,,,,,,,,
Nymphalia,Stellia Station,railNYM,NYM,rail_5north,Track 5,null,,,,
Nymphalia,Stellia Station,railNYM,NYM,rail_5south,Track 2,null,,,,
Nymphalia,Stellia Station,railNYM,NYM,rail_5Xnorth,Track 4,null,,,,
Nymphalia,Stellia Station,railNYM,NYM,rail_5Xsouth,Track 3,null,,,,
Nymphalia,Stellia Station,railNYM,NYM,rail_105west,Track 1,null,,,,
Nymphalia,Stellia Station,railNYM,NYM,rail_105east,Track 6,null,,,,
,,,,,,,,,,
Oparia,Downtown,railOPD,OPD,rail_4north,Track F,null,,,,
Oparia,Downtown,railOPD,OPD,rail_4south,Track A,null,,,,
Oparia,Downtown,railOPD,OPD,rail_4Xnorth,Track E,null,,,,
Oparia,Downtown,railOPD,OPD,rail_4Xsouth,Track B,null,,,,
,,,,,,,,,,
Oparia,LeTourneau International Airport,railOPA,OPA,rail_4north,Track 12,null,,,,
Oparia,LeTourneau International Airport,railOPA,OPA,rail_4south,Track 1,null,,,,
Oparia,LeTourneau International Airport,railOPA,OPA,rail_4Xnorth,Track 11,null,,,,
Oparia,LeTourneau International Airport,railOPA,OPA,rail_4Xsouth,Track 2,null,,,,
,,,,,,,,,,
Orange City,Junction,railOCJ,OCJ,mcr_501west,null,null,,,,
Orange City,Junction,railOCJ,OCJ,mcr_501east,null,null,,,,
Orange City,Junction,railOCJ,OCJ,mcr_501Anorth,null,null,,,,
Orange City,Junction,railOCJ,OCJ,mcr_501Asouth,null,null,,,,
,,,,,,,,,,
Orange City,Market Street,railORG,ORG,mcr_501Anorth,null,null,Orange City Proper,,,
Orange City,Market Street,railORG,ORG,mcr_501Asouth,null,null,Orange City Proper,,,
,,,,,,,,,,
Padagonia,null,railPAD,PAD,rail_5north,Track 2,null,,,,
Padagonia,null,railPAD,PAD,rail_5south,Track 3,null,,,,
Padagonia,null,railPAD,PAD,rail_105west,Track 4,null,,,,
Padagonia,null,railPAD,PAD,rail_105east,Track 1,null,,,,
,,,,,,,,,,
Paixton,Central,railPXC,PXC,rail_103north,Track 4,null,,,,
Paixton,Central,railPXC,PXC,rail_103south,Track 1,null,,,,
,,,,,,,,,,
Palemo,null,railPMO,PMO,rail_10Xwest,null,null,,,,
Palemo,null,railPMO,PMO,rail_10Xeast,null,null,,,,
,,,,,,,,,,
Palestropol,North,railPAL,PAL,mcr_506west,null,null,,,,
Palestropol,North,railPAL,PAL,mcr_506east,null,null,,,,
,,,,,,,,,,
Pasadena,Downtown,railPAS,PAS,rail_3north,null,null,,,,
Pasadena,Downtown,railPAS,PAS,rail_3south,null,null,,,,
,,,,,,,,,,
Pasadena,Harrington,railHAR,HAR,rail_3north,null,null,,,,
Pasadena,Harrington,railHAR,HAR,rail_3south,null,null,,,,
,,,,,,,,,,
Peaslake,null,railPEA,PEA,rail_5north,Track 3,null,,,,
Peaslake,null,railPEA,PEA,rail_5south,Track 2,null,,,,
Peaslake,null,railPEA,PEA,rail_6west,Track 4,null,,,,
Peaslake,null,railPEA,PEA,rail_6east,Track 1,null,,,,
,,,,,,,,,,
Peripotamia,null,railPER,PER,rail_6west,null,null,Peripoatmia,,,
Peripotamia,null,railPER,PER,rail_6east,null,null,Peripoatmia,,,
,,,,,,,,,,
Pilmont,null,railPIL,PIL,rail_4north,Track 8,null,,,,
Pilmont,null,railPIL,PIL,rail_4south,Track 5,null,,,,
Pilmont,null,railPIL,PIL,rail_6west,Track 4,null,,,,
Pilmont,null,railPIL,PIL,rail_6east,Track 1,null,,,,
,,,,,,,,,,
PMW City,Pine Mountain,railPNE,PNE,rail_203north,null,null,Welsbury,,,
PMW City,Pine Mountain,railPNE,PNE,rail_203south,null,null,Welsbury,,,
,,,,,,,,,,
Port Newbury,null,railPNW,PNW,mcr_501west,null,null,,,,
Port Newbury,null,railPNW,PNW,mcr_501east,null,null,,,,
,,,,,,,,,,
Quiris,null,railQUI,QUI,rail_4north,Track 2,null,,,,
Quiris,null,railQUI,QUI,rail_4south,Track 1,null,,,,
,,,,,,,,,,
Rank Resort,Central,railRNK,RNK,rail_1Xnorth,Track 10,null,,,,
Rank Resort,Central,railRNK,RNK,rail_1Xsouth,Track 11,null,,,,
Rank Resort,Central,railRNK,RNK,rail_3north,Track 5,null,,,,
Rank Resort,Central,railRNK,RNK,rail_3south,Track 5,null,,,,
Rank Resort,Central,railRNK,RNK,rail_3Xnorth,Track 16,null,,,,
Rank Resort,Central,railRNK,RNK,rail_3Xsouth,Track 16,null,,,,
Rank Resort,Central,railRNK,RNK,rail_6west,Track 6,null,,,,
Rank Resort,Central,railRNK,RNK,rail_6east,Track 15,null,,,,
,,,,,,,,,,
Ravenna,Mountainside International Airport,railRAV,RAV,rail_6west,null,null,,,,
Ravenna,Mountainside International Airport,railRAV,RAV,rail_6east,null,null,,,,
,,,,,,,,,,
Ravenna,Union Station,railRVU,RVU,rail_105west,Track 3,null,,,,
Ravenna,Union Station,railRVU,RVU,rail_105east,Track 4,null,,,,
Ravenna,Union Station,railRVU,RVU,rail_215north,Track 5,null,,,,
Ravenna,Union Station,railRVU,RVU,rail_215south,Track 5,null,,,,
,,,,,,,,,,
Raymont,null,railRAY,RAY,rail_10west,null,null,,,,
Raymont,null,railRAY,RAY,rail_10east,null,null,,,,
,,,,,,,,,,
Redbridge,null,railRBG,RBG,rail_9north,null,null,,,,
Redbridge,null,railRBG,RBG,rail_9south,null,null,,,,
,,,,,,,,,,
Redwood,null,railRDW,RDW,rail_7north,null,null,,,,
Redwood,null,railRDW,RDW,rail_7south,null,null,,,,
,,,,,,,,,,
Refuge,Central Station,railRFG,RFG,rail_217west,null,null,,,,
Refuge,Central Station,railRFG,RFG,rail_217east,null,null,,,,
,,,,,,,,,,
Richard's Junction,null,railRCJ,RCJ,mcr_504north,null,null,,,,
Richard's Junction,null,railRCJ,RCJ,mcr_504south,null,null,,,,
,,,,,,,,,,
Risima,null,railRIS,RIS,rail_6west,Track 1,null,,,,
Risima,null,railRIS,RIS,rail_6east,Track 6,null,,,,
,,,,,,,,,,
Riverpoint,null,railRVP,RVP,rail_9north,null,null,,,,
Riverpoint,null,railRVP,RVP,rail_9south,null,null,,,,
,,,,,,,,,,
Rochshire,null,railRCH,RCH,rail_2Xnorth,null,null,,,,
Rochshire,null,railRCH,RCH,rail_2Xsouth,null,null,,,,
,,,,,,,,,,
Rockham,Central,railRHC,RHC,rail_7north,null,null,,,,
Rockham,Central,railRHC,RHC,rail_7south,null,null,,,,
,,,,,,,,,,
Rockham,North,railRHN,RHN,rail_7north,null,null,,,,
Rockham,North,railRHN,RHN,rail_7south,null,null,,,,
,,,,,,,,,,
Rosemary,null,railRSE,RSE,rail_2north,null,null,,,,
Rosemary,null,railRSE,RSE,rail_2south,null,null,,,,
,,,,,,,,,,
Rosslyn,null,railROS,ROS,rail_7north,null,null,,,,
Rosslyn,null,railROS,ROS,rail_7south,null,null,,,,
,,,,,,,,,,
Royal Ferry,Downtown,railRFD,RFD,mcr_503north,null,null,,,,
Royal Ferry,Downtown,railRFD,RFD,mcr_503south,null,null,,,,
,,,,,,,,,,
Royal Ferry,North,railRFN,RFN,mcr_503north,null,null,,,,
Royal Ferry,North,railRFN,RFN,mcr_503south,null,null,,,,
,,,,,,,,,,
Royalston,null,railRYL,RYL,mcr_505west,null,null,Siletz,,,
Royalston,null,railRYL,RYL,mcr_505east,null,null,Siletz,,,
,,,,,,,,,,
Saint Anna,null,railANR,ANR,rail_105west,null,null,St Anna,St. Anna,,
Saint Anna,null,railANR,ANR,rail_105east,null,null,St Anna,St. Anna,,
,,,,,,,,,,
Saint Roux,Gare Orsay,railSXG,SXG,rail_5north,Track 3,null,St Roux,St. Roux,,
Saint Roux,Gare Orsay,railSXG,SXG,rail_5south,Track 3,null,St Roux,St. Roux,,
Saint Roux,Gare Orsay,railSXG,SXG,rail_106west,Track 5,null,St Roux,St. Roux,,
Saint Roux,Gare Orsay,railSXG,SXG,rail_106east,Track 2,null,St Roux,St. Roux,,
Saint Roux,Gare Orsay,railSXG,SXG,rail_208north,Track 4,null,St Roux,St. Roux,,
Saint Roux,Gare Orsay,railSXG,SXG,rail_208south,Track 4,null,St Roux,St. Roux,,
Saint Roux,Gare Orsay,railSXG,SXG,mcr_505west,Track 6,null,St Roux,St. Roux,,
Saint Roux,Gare Orsay,railSXG,SXG,mcr_505east,Track 1,null,St Roux,St. Roux,,
,,,,,,,,,,
San Dzobiak,Union Square,railSDU,SDU,rail_7north,Track 8,null,,,,
San Dzobiak,Union Square,railSDU,SDU,rail_7south,Track 3,null,,,,
San Dzobiak,Union Square,railSDU,SDU,rail_7Xnorth,Track 7,null,,,,
San Dzobiak,Union Square,railSDU,SDU,rail_7Xsouth,Track 4,null,,,,
San Dzobiak,Union Square,railSDU,SDU,rail_106west,Track 6,null,,,,
San Dzobiak,Union Square,railSDU,SDU,rail_106east,Track 5,null,,,,
San Dzobiak,Union Square,railSDU,SDU,mcr_505west,Track 14,null,,,,
San Dzobiak,Union Square,railSDU,SDU,mcr_505east,Track 13,null,,,,
,,,,,,,,,,
Sand,Central,railSND,SND,rail_3north,Track 1,null,,,,
Sand,Central,railSND,SND,rail_3south,Track 8,null,,,,
Sand,Central,railSND,SND,rail_3Xnorth,Track 3,null,,,,
Sand,Central,railSND,SND,rail_3Xsouth,Track 6,null,,,,
,,,,,,,,,,
San Vantino,null,railSVN,SVN,rail_7north,null,null,,,,
San Vantino,null,railSVN,SVN,rail_7south,null,null,,,,
,,,,,,,,,,
Savacaci,null,railSAV,SAV,rail_2north,null,null,,,,
Savacaci,null,railSAV,SAV,rail_2south,null,null,,,,
,,,,,,,,,,
Savage City,null,railSVG,SVG,rail_2north,Track 3,null,,,,
Savage City,null,railSVG,SVG,rail_2south,Track 2,null,,,,
Savage City,null,railSVG,SVG,rail_211north,Track 4,null,,,,
Savage City,null,railSVG,SVG,rail_211south,Track 1,null,,,,
,,,,,,,,,,
Scarborough,MCR HQ,railMCR,MCR,mcr_502north,null,null,,,,
Scarborough,MCR HQ,railMCR,MCR,mcr_502south,null,null,,,,
,,,,,,,,,,
Scarborough,MRT Plaza,railSCR,SCR,rail_7north,Track 2,null,,,,
Scarborough,MRT Plaza,railSCR,SCR,rail_7south,Track 3,null,,,,
Scarborough,MRT Plaza,railSCR,SCR,rail_106west,Track 1,null,,,,
Scarborough,MRT Plaza,railSCR,SCR,rail_106east,Track 4,null,,,,
,,,,,,,,,,
Scarborough,New Kent Terminal,railNKT,NKT,mcr_505west,Track 1,null,,,,
Scarborough,New Kent Terminal,railNKT,NKT,mcr_505east,Track 2,null,,,,
Scarborough,New Kent Terminal,railNKT,NKT,mcr_506west,Track 3,null,,,,
Scarborough,New Kent Terminal,railNKT,NKT,mcr_506east,Track 3,null,,,,
,,,,,,,,,,
Schillerton,Maple Street,railSHM,SHM,rail_103north,Track 10,null,,,,
Schillerton,Maple Street,railSHM,SHM,rail_103south,Track 11,null,,,,
Schillerton,Maple Street,railSHM,SHM,mcr_501west,Track 15,null,,,,
Schillerton,Maple Street,railSHM,SHM,mcr_501east,Track 16,null,,,,
,,,,,,,,,,
Sealane,Central,railSEA,SEA,rail_1north,Track 22,null,,,,
Sealane,Central,railSEA,SEA,rail_1south,Track 19,null,,,,
Sealane,Central,railSEA,SEA,rail_2Xnorth,Track 20,null,,,,
Sealane,Central,railSEA,SEA,rail_2Xsouth,Track 21,null,,,,
,,,,,,,,,,
Sealane,New Forest Terminal,railSNF,SNF,rail_401Xnorth,null,null,,,,
Sealane,New Forest Terminal,railSNF,SNF,rail_401Xsouth,null,null,,,,
,,,,,,,,,,
Sealane,Wallowyn,railWYN,WYN,mcr_506west,null,null,,,,
Sealane,Wallowyn,railWYN,WYN,mcr_506east,null,null,,,,
,,,,,,,,,,
Segav Sal,null,railSGV,SGV,rail_1Xnorth,Track 6,null,,,,
Segav Sal,null,railSGV,SGV,rail_1Xsouth,Track 5,null,,,,
Segav Sal,null,railSGV,SGV,rail_6west,Track 10,null,,,,
Segav Sal,null,railSGV,SGV,rail_6east,Track 1,null,,,,
,,,,,,,,,,
Segville,Grand Central,railSGC,SGC,rail_302west,Track 2,null,,,,
Segville,Grand Central,railSGC,SGC,rail_302east,Track 2,null,,,,
,,,,,,,,,,
Segville,International Airport,railSEG,SEG,rail_1north,Track 2,null,,,,
Segville,International Airport,railSEG,SEG,rail_1south,Track 5,null,,,,
Segville,International Airport,railSEG,SEG,rail_1Xnorth,Track 3,null,,,,
Segville,International Airport,railSEG,SEG,rail_1Xsouth,Track 4,null,,,,
Segville,International Airport,railSEG,SEG,rail_201west,Track 1,null,,,,
Segville,International Airport,railSEG,SEG,rail_201east,Track 6,null,,,,
Segville,International Airport,railSEG,SEG,rail_302west,Track 7,null,,,,
Segville,International Airport,railSEG,SEG,rail_302east,Track 7,null,,,,
,,,,,,,,,,
Sesby,Central,railSES,SES,rail_5north,null,null,,,,
Sesby,Central,railSES,SES,rail_5south,null,null,,,,
,,,,,,,,,,
Seuland,null,railSEU,SEU,rail_6west,Track 5,null,,,,
Seuland,null,railSEU,SEU,rail_6east,Track 4,null,,,,
,,,,,,,,,,
Shadowpoint,Capitol Union Station,railSCU,SCU,rail_210Wnorth,Track 3,null,,,,
Shadowpoint,Capitol Union Station,railSCU,SCU,rail_210Wsouth,Track 4,null,,,,
Shadowpoint,Capitol Union Station,railSCU,SCU,rail_210Enorth,Track 1,null,,,,
Shadowpoint,Capitol Union Station,railSCU,SCU,rail_210Esouth,Track 2,null,,,,
,,,,,,,,,,
Shadowpoint,Old Town,railSOT,SOT,rail_210Wnorth,Track 1,null,,,,
Shadowpoint,Old Town,railSOT,SOT,rail_210Wsouth,Track 4,null,,,,
Shadowpoint,Old Town,railSOT,SOT,rail_210Enorth,Track 2,null,,,,
Shadowpoint,Old Town,railSOT,SOT,rail_210Esouth,Track 3,null,,,,
,,,,,,,,,,
Shadowpoint,South,railSPS,SPS,rail_4north,Track 4,null,,,,
Shadowpoint,South,railSPS,SPS,rail_4south,Track 3,null,,,,
Shadowpoint,South,railSPS,SPS,rail_210Wnorth,Track 1,null,,,,
Shadowpoint,South,railSPS,SPS,rail_210Wsouth,Track 6,null,,,,
Shadowpoint,South,railSPS,SPS,rail_210Enorth,Track 2,null,,,,
Shadowpoint,South,railSPS,SPS,rail_210Esouth,Track 5,null,,,,
,,,,,,,,,,
Shady Grove,null,railSDY,SDY,mcr_506west,null,null,ShadyGrove,,,
Shady Grove,null,railSDY,SDY,mcr_506east,null,null,ShadyGrove,,,
,,,,,,,,,,
Shark Town,null,railSHK,SHK,rail_6west,Track 6,null,,,,
Shark Town,null,railSHK,SHK,rail_6east,Track 1,null,,,,
,,,,,,,,,,
Sienos,null,busSIE,SIE,rail_2Xnorth,Track 4,null,,,,
Sienos,null,busSIE,SIE,rail_2Xsouth,Track 3,null,,,,
,,,,,,,,,,
Siletz,Salvador Station,railSLZ,SLZ,rail_1north,Track 1,null,,,,
Siletz,Salvador Station,railSLZ,SLZ,rail_1south,Track 1,null,,,,
Siletz,Salvador Station,railSLZ,SLZ,rail_2Xnorth,Track 6,null,,,,
Siletz,Salvador Station,railSLZ,SLZ,rail_2Xsouth,Track 6,null,,,,
Siletz,Salvador Station,railSLZ,SLZ,rail_4north,Track 16,null,,,,
Siletz,Salvador Station,railSLZ,SLZ,rail_4south,Track 19,null,,,,
Siletz,Salvador Station,railSLZ,SLZ,rail_4Xnorth,Track 17,null,,,,
Siletz,Salvador Station,railSLZ,SLZ,rail_4Xsouth,Track 18,null,,,,
Siletz,Salvador Station,railSLZ,SLZ,rail_5Xnorth,Track 15,null,,,,
Siletz,Salvador Station,railSLZ,SLZ,rail_5Xsouth,Track 15,null,,,,
Siletz,Salvador Station,railSLZ,SLZ,rail_7north,Track 7,null,,,,
Siletz,Salvador Station,railSLZ,SLZ,rail_7south,Track 7,null,,,,
Siletz,Salvador Station,railSLZ,SLZ,rail_7Xnorth,Track 8,null,,,,
Siletz,Salvador Station,railSLZ,SLZ,rail_7Xsouth,Track 8,null,,,,
Siletz,Salvador Station,railSLZ,SLZ,rail_106west,Track 10,null,,,,
Siletz,Salvador Station,railSLZ,SLZ,rail_106east,Track 11,null,,,,
Siletz,Salvador Station,railSLZ,SLZ,rail_201west,Track 14,null,,,,
Siletz,Salvador Station,railSLZ,SLZ,rail_201east,Track 14,null,,,,
Siletz,Salvador Station,railSLZ,SLZ,mcr_505west,Track 12,null,,,,
Siletz,Salvador Station,railSLZ,SLZ,mcr_505east,Track 12,null,,,,
,,,,,,,,,,
Skogheim,Central,railSKO,SKO,rail_2north,null,null,,,,
Skogheim,Central,railSKO,SKO,rail_2south,null,null,,,,
Skogheim,Central,railSKO,SKO,rail_214west,null,null,,,,
Skogheim,Central,railSKO,SKO,rail_214east,null,null,,,,
,,,,,,,,,,
Snowtopic,Boulevard,railSNW,SNW,rail_3north,Track 1,null,,,,
Snowtopic,Boulevard,railSNW,SNW,rail_3south,Track 4,null,,,,
Snowtopic,Boulevard,railSNW,SNW,rail_3Xnorth,Track 3,null,,,,
Snowtopic,Boulevard,railSNW,SNW,rail_3Xsouth,Track 3,null,,,,
,,,,,,,,,,
Snowtopic,Outskirts,railSNO,SNO,rail_3north,Track 9,null,,,,
Snowtopic,Outskirts,railSNO,SNO,rail_3south,Track 12,null,,,,
Snowtopic,Outskirts,railSNO,SNO,rail_3Xnorth,Track 10,null,,,,
Snowtopic,Outskirts,railSNO,SNO,rail_3Xsouth,Track 11,null,,,,
Snowtopic,Outskirts,railSNO,SNO,rail_214west,Track 3,null,,,,
Snowtopic,Outskirts,railSNO,SNO,rail_214east,Track 6,null,,,,
,,,,,,,,,,
South Oaksville,null,railSOK,SOK,rail_7north,Track 3,null,,,,
South Oaksville,null,railSOK,SOK,rail_7south,Track 1,null,,,,
,,,,,,,,,,
South Side,null,railSSD,SSD,rail_8west,null,null,,,,
South Side,null,railSSD,SSD,rail_8east,null,null,,,,
,,,,,,,,,,
Southburg,Central,railSBC,SBC,rail_7north,Track 4,null,,,,
Southburg,Central,railSBC,SBC,rail_7south,Track 1,null,,,,
Southburg,Central,railSBC,SBC,rail_7Xnorth,Track 3,null,,,,
Southburg,Central,railSBC,SBC,rail_7Xsouth,Track 2,null,,,,
,,,,,,,,,,
Southlake,null,railSLK,SLK,rail_7north,Track 2,null,,,,
Southlake,null,railSLK,SLK,rail_7south,Track 3,null,,,,
Southlake,null,railSLK,SLK,rail_102west,Track 4,null,,,,
Southlake,null,railSLK,SLK,rail_102east,Track 1,null,,,,
,,,,,,,,,,
Southland,null,railSLN,SLN,rail_8west,null,null,,,,
Southland,null,railSLN,SLN,rail_8east,null,null,,,,
,,,,,,,,,,
Southfort,null,railSPT,SPT,rail_8west,null,null,Southport,,,
Southfort,null,railSPT,SPT,rail_8east,null,null,Southport,,,
,,,,,,,,,,
Southport-sur-mer,null,railSSM,SSM,mcr_502north,null,null,,,,
Southport-sur-mer,null,railSSM,SSM,mcr_502south,null,null,,,,
,,,,,,,,,,
Spring Valley,Airfield,railSVA,SVA,rail_2north,Track 1,null,,,,
Spring Valley,Airfield,railSVA,SVA,rail_2south,Track 2,null,,,,
,,,,,,,,,,
Spring Valley,Fifth Street,railSVF,SVF,rail_2north,Track 2,null,,,,
Spring Valley,Fifth Street,railSVF,SVF,rail_2south,Track 5,null,,,,
Spring Valley,Fifth Street,railSVF,SVF,rail_2Xnorth,Track 3,null,,,,
Spring Valley,Fifth Street,railSVF,SVF,rail_2Xsouth,Track 4,null,,,,
Spring Valley,Fifth Street,railSVF,SVF,rail_107west,Track 6,null,,,,
Spring Valley,Fifth Street,railSVF,SVF,rail_107east,Track 1,null,,,,
,,,,,,,,,,
Spruce Neck,null,railSNK,SNK,rail_1north,null,null,,,,
Spruce Neck,null,railSNK,SNK,rail_1south,null,null,,,,
,,,,,,,,,,
Spruce Plains,null,railSPP,SPP,rail_3north,null,null,,,,
Spruce Plains,null,railSPP,SPP,rail_3south,null,null,,,,
,,,,,,,,,,
Storalisburg,null,railSTR,STR,rail_107west,null,null,,,,
Storalisburg,null,railSTR,STR,rail_107east,null,null,,,,
,,,,,,,,,,
Sunset Pass,null,railSSP,SSP,rail_10west,null,null,,,,
Sunset Pass,null,railSSP,SSP,rail_10east,null,null,,,,
,,,,,,,,,,
Sunshine Coast,Cacto Regional Airport,railSSR,SSR,rail_209west,null,null,,,,
Sunshine Coast,Cacto Regional Airport,railSSR,SSR,rail_209east,null,null,,,,
,,,,,,,,,,
Sunshine Coast,Mspalmas International Airport,railSSI,SSI,rail_7Xnorth,Track 3,null,Sunshine Coast Maspalmas International Airport,Maspalmas,,
Sunshine Coast,Mspalmas International Airport,railSSI,SSI,rail_7Xsouth,Track 4,null,Sunshine Coast Maspalmas International Airport,Maspalmas,,
Sunshine Coast,Mspalmas International Airport,railSSI,SSI,rail_8west,Track 2,null,Sunshine Coast Maspalmas International Airport,Maspalmas,,
Sunshine Coast,Mspalmas International Airport,railSSI,SSI,rail_8east,Track 5,null,Sunshine Coast Maspalmas International Airport,Maspalmas,,
Sunshine Coast,Mspalmas International Airport,railSSI,SSI,rail_209west,Track 1,null,Sunshine Coast Maspalmas International Airport,Maspalmas,,
Sunshine Coast,Mspalmas International Airport,railSSI,SSI,rail_209east,Track 6,null,Sunshine Coast Maspalmas International Airport,Maspalmas,,
,,,,,,,,,,
Sunshine Coast,Mspalmas Terminal,railSUN,SUN,rail_7Xnorth,Track 5,null,Sunshine Coast Maspalmas Terminal,Maspalmas,,
Sunshine Coast,Mspalmas Terminal,railSUN,SUN,rail_7Xsouth,Track 5,null,Sunshine Coast Maspalmas Terminal,Maspalmas,,
Sunshine Coast,Mspalmas Terminal,railSUN,SUN,rail_8west,Track 3,null,Sunshine Coast Maspalmas Terminal,Maspalmas,,
Sunshine Coast,Mspalmas Terminal,railSUN,SUN,rail_8east,Track 3,null,Sunshine Coast Maspalmas Terminal,Maspalmas,,
Sunshine Coast,Mspalmas Terminal,railSUN,SUN,rail_209west,Track 4,null,Sunshine Coast Maspalmas Terminal,Maspalmas,,
Sunshine Coast,Mspalmas Terminal,railSUN,SUN,rail_209east,Track 7,null,Sunshine Coast Maspalmas Terminal,Maspalmas,,
,,,,,,,,,,
Sunshine Coast,Old City Hall,railSOC,SOC,rail_209west,null,null,,,,
Sunshine Coast,Old City Hall,railSOC,SOC,rail_209east,null,null,,,,
,,,,,,,,,,
Svobodny,null,railSVO,SVO,rail_6west,Track 4,null,,,,
Svobodny,null,railSVO,SVO,rail_6east,Track 1,null,,,,
,,,,,,,,,,
Sweetridge,null,railSWE,SWE,rail_6west,Track 4,null,,,,
Sweetridge,null,railSWE,SWE,rail_6east,Track 1,null,,,,
,,,,,,,,,,
Sydney,null,railSYD,SYD,rail_7north,null,null,,,,
Sydney,null,railSYD,SYD,rail_7south,null,null,,,,
,,,,,,,,,,
Sylvania,Union,railSYL,SYL,rail_106west,null,null,,,,
Sylvania,Union,railSYL,SYL,rail_106east,null,null,,,,
,,,,,,,,,,
Taiga Hills,null,railTAI,TAI,rail_10west,null,null,,,,
Taiga Hills,null,railTAI,TAI,rail_10east,null,null,,,,
,,,,,,,,,,
Takasaki,null,railTAK,TAK,rail_4north,null,null,,,,
Takasaki,null,railTAK,TAK,rail_4south,null,null,,,,
,,,,,,,,,,
Tembok,Railway Station,railTEM,TEM,mcr_509north,Platform 5,null,,,,
Tembok,Railway Station,railTEM,TEM,mcr_509south,Platform 5,null,,,,
,,,,,,,,,,
Tenko City,null,railTEN,TEN,rail_107west,null,null,,,,
Tenko City,null,railTEN,TEN,rail_107east,null,null,,,,
,,,,,,,,,,
Thunderbird,null,railTHU,THU,mcr_502north,null,null,,,,
Thunderbird,null,railTHU,THU,mcr_502south,null,null,,,,
,,,,,,,,,,
Titsensaki,Ironhill,railTIT,TIT,rail_6west,Track 1,null,,,,
Titsensaki,Ironhill,railTIT,TIT,rail_6east,Track 4,null,,,,
Titsensaki,Ironhill,railTIT,TIT,rail_105west,Track 3,null,,,,
Titsensaki,Ironhill,railTIT,TIT,rail_105east,Track 2,null,,,,
,,,,,,,,,,
Totsworth,Dublin Street,railTOT,TOT,rail_304north,null,null,,,,
Totsworth,Dublin Street,railTOT,TOT,rail_304south,null,null,,,,
,,,,,,,,,,
Totsworth,Junction,railTWJ,TWJ,rail_101west,null,null,,,,
Totsworth,Junction,railTWJ,TWJ,rail_101east,null,null,,,,
Totsworth,Junction,railTWJ,TWJ,rail_304north,null,null,,,,
Totsworth,Junction,railTWJ,TWJ,rail_304south,null,null,,,,
,,,,,,,,,,
Tranquil Forest,Central,railTRQ,TRQ,rail_102west,Track 13,null,,,,
Tranquil Forest,Central,railTRQ,TRQ,rail_102east,Track 13,null,,,,
,,,,,,,,,,
Trente,null,railTRE,TRE,mcr_501west,null,null,,,,
Trente,null,railTRE,TRE,mcr_501east,null,null,,,,
,,,,,,,,,,
Upington,null,railUPG,UPG,rail_6west,Track 1,null,,,,
Upington,null,railUPG,UPG,rail_6east,Track 6,null,,,,
Upington,null,railUPG,UPG,rail_212north,Track 2,Track 5,,,,
Upington,null,railUPG,UPG,rail_212south,Track 2,Track 5,,,,
,,,,,,,,,,
Upton Ulster,Mensah Central Station,railUUM,UUM,rail_10Xwest,Track 2,null,,,,
Upton Ulster,Mensah Central Station,railUUM,UUM,rail_10Xeast,Track 3,null,,,,
Upton Ulster,Mensah Central Station,railUUM,UUM,rail_213north,Track 4,null,,,,
Upton Ulster,Mensah Central Station,railUUM,UUM,rail_213south,Track 1,null,,,,
,,,,,,,,,,
Upwick,null,railUPW,UPW,rail_9north,null,null,,,,
Upwick,null,railUPW,UPW,rail_9south,null,null,,,,
,,,,,,,,,,
Utopia,Anthony Fokker Transit Hub,railAFK,AFK,rail_2north,Track 2,null,,,,
Utopia,Anthony Fokker Transit Hub,railAFK,AFK,rail_2south,Track 4,null,,,,
Utopia,Anthony Fokker Transit Hub,railAFK,AFK,rail_103north,Track 3,null,,,,
Utopia,Anthony Fokker Transit Hub,railAFK,AFK,rail_103south,Track 3,null,,,,
Utopia,Anthony Fokker Transit Hub,railAFK,AFK,rail_201west,Track 1,null,,,,
Utopia,Anthony Fokker Transit Hub,railAFK,AFK,rail_201east,Track 5,null,,,,
Utopia,Anthony Fokker Transit Hub,railAFK,AFK,rail_205west,Track 6,null,,,,
Utopia,Anthony Fokker Transit Hub,railAFK,AFK,rail_205east,Track 6,null,,,,
,,,,,,,,,,
Utopia,Plano,railUTP,UTP,rail_2north,null,null,,,,
Utopia,Plano,railUTP,UTP,rail_2south,null,null,,,,
Utopia,Plano,railUTP,UTP,rail_201west,null,null,,,,
Utopia,Plano,railUTP,UTP,rail_201east,null,null,,,,
Utopia,Plano,railUTP,UTP,mcr_506west,null,null,,,,
Utopia,Plano,railUTP,UTP,mcr_506east,null,null,,,,
,,,,,,,,,,
Valemount,null,railVLM,VLM,rail_5north,Track 3,null,,,,
Valemount,null,railVLM,VLM,rail_5south,Track 2,null,,,,
Valemount,null,railVLM,VLM,rail_6west,Track 4,null,,,,
Valemount,null,railVLM,VLM,rail_6east,Track 1,null,,,,
,,,,,,,,,,
Valence,null,railVAL,VAL,mcr_501west,null,null,,,,
Valence,null,railVAL,VAL,mcr_501east,null,null,,,,
,,,,,,,,,,
Vegeta,Junction,railVGJ,VGJ,rail_211north,Platform 1a,null,,,,
Vegeta,Junction,railVGJ,VGJ,rail_211south,Platform 1a,null,,,,
,,,,,,,,,,
Veldberg,SE7,railVLD,VLD,rail_7Xnorth,Track 2,null,,,,
Veldberg,SE7,railVLD,VLD,rail_7Xsouth,Track 3,null,,,,
Veldberg,SE7,railVLD,VLD,rail_8west,Track 1,null,,,,
Veldberg,SE7,railVLD,VLD,rail_8east,Track 4,null,,,,
Veldberg,SE7,railVLD,VLD,mcr_504north,null,null,,,,
Veldberg,SE7,railVLD,VLD,mcr_504south,null,null,,,,
Veldberg,SE7,railVLD,VLD,mcr_508west,null,null,,,,
Veldberg,SE7,railVLD,VLD,mcr_508east,null,null,,,,
,,,,,,,,,,
Veldberg,Helipad,railVLH,VLH,mcr_504north,null,null,,,,
Veldberg,Helipad,railVLH,VLH,mcr_504south,null,null,,,,
,,,,,,,,,,
Veldberg,Klipberg,railVLK,VLK,mcr_504north,null,null,,,,
Veldberg,Klipberg,railVLK,VLK,mcr_504south,null,null,,,,
,,,,,,,,,,
Venceslo,Union Station,railVEN,VEN,rail_103north,Track 6,null,Venceslo Midtown Multimodal Transit Center,Midtown Multimodal Transit Center,,
Venceslo,Union Station,railVEN,VEN,rail_103south,Track 5,null,Venceslo Midtown Multimodal Transit Center,Midtown Multimodal Transit Center,,
,,,,,,,,,,
Verdantium,Fenwick Square,railVFS,VFS,rail_5north,Track 3,null,,,,
Verdantium,Fenwick Square,railVFS,VFS,rail_5south,Track 3,null,,,,
Verdantium,Fenwick Square,railVFS,VFS,rail_5Xnorth,Track 4,null,,,,
Verdantium,Fenwick Square,railVFS,VFS,rail_5Xsouth,Track 4,null,,,,
Verdantium,Fenwick Square,railVFS,VFS,rail_9north,Track 6,null,,,,
Verdantium,Fenwick Square,railVFS,VFS,rail_9south,Track 6,null,,,,
Verdantium,Fenwick Square,railVFS,VFS,rail_9Xnorth,Track 5,null,,,,
Verdantium,Fenwick Square,railVFS,VFS,rail_9Xsouth,Track 5,null,,,,
Verdantium,Fenwick Square,railVFS,VFS,rail_105west,Track 2,null,,,,
Verdantium,Fenwick Square,railVFS,VFS,rail_105east,Track 2,null,,,,
,,,,,,,,,,
Vermilion,Victory Square,railVVS,VVS,rail_2north,Track 6,null,,,,
Vermilion,Victory Square,railVVS,VVS,rail_2south,Track 3,null,,,,
Vermilion,Victory Square,railVVS,VVS,rail_2Xnorth,Track 5,null,,,,
Vermilion,Victory Square,railVVS,VVS,rail_2Xsouth,Track 4,null,,,,
Vermilion,Victory Square,railVVS,VVS,rail_107Xwest,Track 2,null,,,,
Vermilion,Victory Square,railVVS,VVS,rail_107Xeast,Track 2,null,,,,
,,,,,,,,,,
Victoria,Coastal Point,railVCP,VCP,rail_7Xnorth,null,null,,,,
Victoria,Coastal Point,railVCP,VCP,rail_7Xsouth,null,null,,,,
,,,,,,,,,,
Victoria,International Airport,railVIC,VIC,rail_7Xnorth,Track 1,null,,,,
Victoria,International Airport,railVIC,VIC,rail_7Xsouth,Track 4,null,,,,
Victoria,International Airport,railVIC,VIC,rail_8west,Track 2,null,,,,
Victoria,International Airport,railVIC,VIC,rail_8east,Track 3,null,,,,
,,,,,,,,,,
Victoria,Preston,railVPR,VPR,rail_7Xnorth,Track 2,null,,,,
Victoria,Preston,railVPR,VPR,rail_7Xsouth,Track 3,null,,,,
Victoria,Preston,railVPR,VPR,rail_8west,Track 1,null,,,,
Victoria,Preston,railVPR,VPR,rail_8east,Track 4,null,,,,
,,,,,,,,,,
Victoria,Southeast,railVSE,VSE,mcr_508west,null,null,,,,
Victoria,Southeast,railVSE,VSE,mcr_508east,null,null,,,,
,,,,,,,,,,
Washingcube,null,railWSH,WSH,rail_3north,Track 1,null,,,,
Washingcube,null,railWSH,WSH,rail_3south,Track 2,null,,,,
Washingcube,null,railWSH,WSH,rail_107west,Track 3,null,,,,
Washingcube,null,railWSH,WSH,rail_107east,Track 4,null,,,,
,,,,,,,,,,
Waterville,Armada,railAMD,AMD,rail_3north,Track 4,null,,,,
Waterville,Armada,railAMD,AMD,rail_3south,Track 1,null,,,,
Waterville,Armada,railAMD,AMD,rail_3Xnorth,Track 3,null,,,,
Waterville,Armada,railAMD,AMD,rail_3Xsouth,Track 2,null,,,,
,,,,,,,,,,
Waterville,Downtown,railWTD,WTD,rail_3north,null,null,,,,
Waterville,Downtown,railWTD,WTD,rail_3south,null,null,,,,
,,,,,,,,,,
Waterville,Union Station,railWTU,WTU,rail_3north,Track 7,null,,,,
Waterville,Union Station,railWTU,WTU,rail_3south,Track 8,null,,,,
Waterville,Union Station,railWTU,WTU,rail_3Xnorth,Track 5,null,,,,
Waterville,Union Station,railWTU,WTU,rail_3Xsouth,Track 6,null,,,,
,,,,,,,,,,
Waverly,Edinburgh Station,railWAV,WAV,rail_104north,null,null,,,,
Waverly,Edinburgh Station,railWAV,WAV,rail_104south,null,null,,,,
,,,,,,,,,,
Waverly,Junction,railWVJ,WVJ,rail_104north,null,null,,,,
Waverly,Junction,railWVJ,WVJ,rail_104south,null,null,,,,
,,,,,,,,,,
West Calbar,Downtown,railWCD,WCD,rail_3north,Track 4,null,,,,
West Calbar,Downtown,railWCD,WCD,rail_3south,Track 1,null,,,,
West Calbar,Downtown,railWCD,WCD,rail_202west,Track 2,null,,,,
West Calbar,Downtown,railWCD,WCD,rail_202east,Track 3,null,,,,
,,,,,,,,,,
Westburg-Central City,Beltway Terminal South,railBTS,BTS,rail_1north,Track 2,null,Westburg,Central City,,
Westburg-Central City,Beltway Terminal South,railBTS,BTS,rail_1south,Track 3,null,Westburg,Central City,,
Westburg-Central City,Beltway Terminal South,railBTS,BTS,mcr_506west,Track 1,null,Westburg,Central City,,
Westburg-Central City,Beltway Terminal South,railBTS,BTS,mcr_506east,Track 4,null,Westburg,Central City,,
,,,,,,,,,,
Whitechapel,Border,railWHB,WHB,rail_2Xnorth,Track 3,null,West Calbar,,,
Whitechapel,Border,railWHB,WHB,rail_2Xsouth,Track 3,null,West Calbar,,,
Whitechapel,Border,railWHB,WHB,rail_3north,Track 4,null,West Calbar,,,
Whitechapel,Border,railWHB,WHB,rail_3south,Track 4,null,West Calbar,,,
Whitechapel,Border,railWHB,WHB,rail_202west,Track 2,null,West Calbar,,,
Whitechapel,Border,railWHB,WHB,rail_202east,Track 2,null,West Calbar,,,
Whitechapel,Border,railWHB,WHB,rail_107west,Track 5,null,West Calbar,,,
Whitechapel,Border,railWHB,WHB,rail_107east,Track 5,null,West Calbar,,,
,,,,,,,,,,
Whitecliff,Central,railWCF,WCF,rail_6west,Track 6,null,,,,
Whitecliff,Central,railWCF,WCF,rail_6east,Track 1,null,,,,
,,,,,,,,,,
Whiteley,Olympia-Cacturne Boulevards,railWHO,WHO,rail_101west,Track 2,null,,,,
Whiteley,Olympia-Cacturne Boulevards,railWHO,WHO,rail_101east,Track 3,null,,,,
Whiteley,Olympia-Cacturne Boulevards,railWHO,WHO,rail_103north,Track 4,null,,,,
Whiteley,Olympia-Cacturne Boulevards,railWHO,WHO,rail_103south,Track 1,null,,,,
,,,,,,,,,,
Whiteley,Turing Square,railWTS,WTS,rail_103north,Platform 9,null,,,,
Whiteley,Turing Square,railWTS,WTS,rail_103south,Platform 10,null,,,,
,,,,,,,,,,
Williamsburg,null,railWLB,WLB,rail_207north,null,null,,,,
Williamsburg,null,railWLB,WLB,rail_207south,null,null,,,,
,,,,,,,,,,
Willow,Unrealistic Transport Terminal,railWLW,WLW,rail_2north,Platform 13,null,,,,
Willow,Unrealistic Transport Terminal,railWLW,WLW,rail_2south,Platform 14,null,,,,
Willow,Unrealistic Transport Terminal,railWLW,WLW,rail_211north,Platform 12,null,,,,
Willow,Unrealistic Transport Terminal,railWLW,WLW,rail_211south,Platform 15,null,,,,
,,,,,,,,,,
Winterberg,null,railWBG,WBG,rail_7north,Track 2,null,,,,
Winterberg,null,railWBG,WBG,rail_7south,Track 1,null,,,,
,,,,,,,,,,
Winterside,null,railWNS,WNS,rail_210Enorth,null,null,,,,
Winterside,null,railWNS,WNS,rail_210Esouth,null,null,,,,
,,,,,,,,,,
Woodford,null,railWDF,WDF,rail_5north,Track 1,null,,,,
Woodford,null,railWDF,WDF,rail_5south,Track 2,null,,,,
,,,,,,,,,,
Woodsbane,null,railWDB,WDB,rail_2Xnorth,Track 4,null,,,,
Woodsbane,null,railWDB,WDB,rail_2Xsouth,Track 1,null,,,,
Woodsbane,null,railWDB,WDB,rail_4north,Track 3,null,,,,
Woodsbane,null,railWDB,WDB,rail_4south,Track 2,null,,,,
,,,,,,,,,,
Wythern,Transit Hub,railWYT,WYT,rail_102west,Track 5,null,,,,
Wythern,Transit Hub,railWYT,WYT,rail_102east,Track 4,null,,,,
,,,,,,,,,,
Zaquar,Diamondplex Arena,railZQD,ZQD,rail_301north,null,null,,,,
Zaquar,Diamondplex Arena,railZQD,ZQD,rail_301south,null,null,,,,
,,,,,,,,,,
Zaquar,Hummingbird Dock,railZQH,ZQH,rail_301north,null,null,,,,
Zaquar,Hummingbird Dock,railZQH,ZQH,rail_301south,null,null,,,,
,,,,,,,,,,
Zaquar,Mnage et Trois Regional Airport,railZAQ,ZAQ,rail_301north,Track 2,null,Zaquar Menage et Trois Regional Airport,Menage et Trois Regional Airport,,
Zaquar,Mnage et Trois Regional Airport,railZAQ,ZAQ,rail_301south,Track 1,null,Zaquar Menage et Trois Regional Airport,Menage et Trois Regional Airport,,
,,,,,,,,,,
Zaquar,North,railZQN,ZQN,rail_4north,Track 2,null,,,,
Zaquar,North,railZQN,ZQN,rail_4south,Track 1,null,,,,
Zaquar,North,railZQN,ZQN,rail_301north,Track 4,null,,,,
Zaquar,North,railZQN,ZQN,rail_301south,Track 3,null,,,,
,,,,,,,,,,
Zaquar,Shores,railZQS,ZQS,rail_301north,null,null,,,,
Zaquar,Shores,railZQS,ZQS,rail_301south,null,null,,,,
,,,,,,,,,,
Zaquar,Tanzanite Station,railZQT,ZQT,rail_1Xnorth,Track 4,null,,,,
Zaquar,Tanzanite Station,railZQT,ZQT,rail_1Xsouth,Track 4,null,,,,
Zaquar,Tanzanite Station,railZQT,ZQT,rail_2north,Track 8,null,,,,
Zaquar,Tanzanite Station,railZQT,ZQT,rail_2south,Track 8,null,,,,
Zaquar,Tanzanite Station,railZQT,ZQT,rail_4north,Track 12,null,,,,
Zaquar,Tanzanite Station,railZQT,ZQT,rail_4south,Track 12,null,,,,
Zaquar,Tanzanite Station,railZQT,ZQT,rail_4Xnorth,Track 11,null,,,,
Zaquar,Tanzanite Station,railZQT,ZQT,rail_4Xsouth,Track 11,null,,,,
Zaquar,Tanzanite Station,railZQT,ZQT,rail_7north,Track 10,null,,,,
Zaquar,Tanzanite Station,railZQT,ZQT,rail_7south,Track 5,null,,,,
Zaquar,Tanzanite Station,railZQT,ZQT,rail_7Xnorth,Track 9,null,,,,
Zaquar,Tanzanite Station,railZQT,ZQT,rail_7Xsouth,Track 6,null,,,,
Zaquar,Tanzanite Station,railZQT,ZQT,rail_101west,Track 3,null,,,,
Zaquar,Tanzanite Station,railZQT,ZQT,rail_101east,Track 3,null,,,,
Zaquar,Tanzanite Station,railZQT,ZQT,rail_102west,Track 2,null,,,,
Zaquar,Tanzanite Station,railZQT,ZQT,rail_102east,Track 2,null,,,,
Zaquar,Tanzanite Station,railZQT,ZQT,rail_206west,Track 13,null,,,,
Zaquar,Tanzanite Station,railZQT,ZQT,rail_206east,Track 13,null,,,,
Zaquar,Tanzanite Station,railZQT,ZQT,rail_301north,Track 7,null,,,,
Zaquar,Tanzanite Station,railZQT,ZQT,rail_301south,Track 7,null,,,,
Zaquar,Tanzanite Station,railZQT,ZQT,mcr_501west,Track 1,null,,,,
Zaquar,Tanzanite Station,railZQT,ZQT,mcr_501east,Track 1,null,,,,
,,,,,,,,,,
Zaquar,Winfrey Waterport,railZQW,ZQW,rail_301north,null,null,,,,
Zaquar,Winfrey Waterport,railZQW,ZQW,rail_301south,null,null,,,,
,,,,,,,,,,
Zuckerberg,null,railZUC,ZUC,rail_8west,null,null,,,,
Zuckerberg,null,railZUC,ZUC,rail_8east,null,null,,,,